ccaa,fecha,casos,ia,uci,muertes,nuevos,incrpercent,hospitalizados,hospitalizadosnuevos,ucinuevos,muertesnuevos,curados,curadosnuevos,postestrap,posasintomaticos,postotal,pcr,testrap
Andalucía,2020-03-02,12,,,,,,,,,,,,,,,,
Andalucía,2020-03-03,13,0.15,,,1,,,,,,,,,,,,
Andalucía,2020-03-04,13,0.15,1,,0,,,,,,,,,,,,
Andalucía,2020-03-05,12,0.14,1,0,-1,,,,0,,,,,,,,
Andalucía,2020-03-06,21,0.25,1,0,9,,,,0,0,,,,,,,
Andalucía,2020-03-07,32,0,,,17,,,,,,,,,,,,
Andalucía,2020-03-08,43,1,,,25,,,,,,,,,,,,
Andalucía,2020-03-09,54,0.64,1,0,33,,,,0,0,,,,,,,
Andalucía,2020-03-10,71,0.84,1,0,17,,,,0,0,,,,,,,
Andalucía,2020-03-11,90,1.07,3,0,19,,,,2,0,,,,,,,
Andalucía,2020-03-12,115,1.35,4,0,25,,,,1,0,,,,,,,
Andalucía,2020-03-13,219,2.53,8,0,104,,,,4,0,,,,,,,
Andalucía,2020-03-14,269,3.83,9,2,50,,,,,2,,,,,,,
Andalucía,2020-03-15,437,5.14,10,6,168,,,,,4,,,,,,,
Andalucía,2020-03-16,554,6.44,11,7,117,,,,,1,,,,,,,
Andalucía,2020-03-17,683,7.97,13,11,129,,,,2,4,,,,,,,
Andalucía,2020-03-18,859,10.07,21,19,176,,,,8,8,,,,,,,
Andalucía,2020-03-19,1008,11.84,25,23,149,,,,4,4,,,,,,,
Andalucía,2020-03-20,1287,15.05,38,30,279,,,,13,7,,,,,,,
Andalucía,2020-03-21,1515,17.68,53,40,228,,605,,15,10,,,,,,,
Andalucía,2020-03-22,1725,20.1,55,47,210,,724,119,2,7,,,,,,,
Andalucía,2020-03-23,1961,22.66,77,58,236,,865,141,22,11,50,,,,,,
Andalucía,2020-03-24,2471,28.52,102,87,510,,1132,267,25,29,66,16,,,,,
Andalucía,2020-03-25,3010,34.57,116,113,539,,1433,301,14,26,71,5,,,,,
Andalucía,2020-03-26,3406,38.96,134,134,396,,1626,193,18,21,77,6,,,,,
Andalucía,2020-03-27,3793,42.48,148,144,387,,1843,217,14,10,92,15,,,,,
Andalucía,2020-03-28,4277,47.63,172,175,484,,2106,263,24,31,139,47,,,,,
Andalucía,2020-03-29,4682,50.45,201,207,405,,2294,188,29,32,148,9,,,,,
Andalucía,2020-03-30,5405,57.65,216,236,723,,2671,377,15,29,155,7,,,,,
Andalucía,2020-03-31,5818,61.03,235,248,413,,2867,196,19,12,160,5,,,,,
Andalucía,2020-04-01,6392,65.76,260,308,574,,3147,280,25,60,182,22,,,,,
Andalucía,2020-04-02,6972,70.88,280,343,580,,3444,297,20,35,228,46,,,,,
Andalucía,2020-04-03,7374,72.34,338,376,402,,3673,229,58,33,258,30,,,,,
Andalucía,2020-04-04,7869,75.51,364,426,495,,3896,223,26,50,463,205,,,,,
Andalucía,2020-04-05,8301,78.15,474,470,432,,4107,211,110,44,665,202,,,,,
Andalucía,2020-04-06,8581,78.68,489,491,280,,4227,120,15,21,798,133,,,,,
Andalucía,2020-04-07,8767,74.83,499,528,186,,4335,108,10,37,900,102,,,,,
Andalucía,2020-04-08,8997,71.15,520,605,230,,4463,128,21,77,1041,141,,,,,
Andalucía,2020-04-09,9261,69.58,538,652,264,,4599,136,18,47,1193,152,,,,,
Andalucía,2020-04-10,9510,67.94,582,691,249,,4715,116,44,39,1437,244,,,,,
Andalucía,2020-04-11,9712,64.59,602,737,202,,4808,93,20,46,1630,193,,,,,
Andalucía,2020-04-12,10006,63.27,619,799,294,,4950,142,17,62,1838,208,,,,,
Andalucía,2020-04-13,10187,56.83,621,815,181,,4993,43,2,16,1967,129,,,,,
Andalucía,2020-04-14,10192,51.98,631,836,5,,5054,61,10,21,2032,65,,,,,
Andalucía,2020-04-15,10595,49.95,665,865,403,,5147,93,34,29,2224,192,,,,,
Andalucía,2020-04-16,10807,45.58,671,912,212,,5226,79,6,47,2634,410,,,,10592,215
Andalucía,2020-04-17,11053,43.72,675,940,246,,5298,72,4,28,2790,156,,,,10672,381
Andalucía,2020-04-18,11020,43.72,677,967,-33,,5341,43,2,27,2948,158,184,,11204,10772,248
Andalucía,2020-04-19,11205,34.51,687,993,185,,5424,83,10,26,3116,168,220,,11425,10936,269
Andalucía,2020-04-20,11323,32.59,690,1013,118,,5473,49,3,20,3229,113,232,,11555,11030,293
Andalucía,2020-04-21,11447,31.85,692,1017,124,,5509,36,2,4,3411,182,242,,11689,11139,308
Andalucía,2020-04-22,11610,31.05,696,1050,163,,5565,56,4,33,3569,158,311,,11921,11270,340
Andalucía,2020-04-23,11845,30.71,702,1079,235,,5616,51,6,29,3847,278,392,,12237,11403,442
Andalucía,2020-04-24,11536,24.08,714,1107,-309,,5675,59,12,28,3992,145,959,,12495,,
Andalucía,2020-04-25,11703,23.66,717,1131,167,1.4,5715,40,3,24,4295,303,1121,504,,,
Andalucía,2020-04-26,11774,21.01,716,1145,71,0.6,5748,33,-1,14,4741,446,,,,,
Andalucía,2020-04-27,11852,20.88,720,1.157,78,0.7,5768,20,4,-1143,4.89,-4736,,,,,
Andalucía,2020-04-28,11913,20.32,721,1168,61,0.5,5793,25,1,1166,5039,5034,,,,,
Andalucía,2020-04-29,12004,18.75,722,1188,91,0.8,5832,39,1,20,5272,233,,,,,
Aragón,2020-03-02,0,,,,,,,,,,,,,,,,
Aragón,2020-03-03,0,0,,,0,,,,,,,,,,,,
Aragón,2020-03-04,0,0,,,0,,,,,,,,,,,,
Aragón,2020-03-05,1,0.08,1,0,1,,,,,,,,,,,,
Aragón,2020-03-06,6,0.45,1,1,5,,,,0,1,,,,,,,
Aragón,2020-03-07,8,1,,,5.67,,,,,,,,,,,,
Aragón,2020-03-08,11,1,,,6.33,,,,,,,,,,,,
Aragón,2020-03-09,13,0.99,1,1,7,,,,0,0,,,,,,,
Aragón,2020-03-10,38,2.88,3,3,25,,,,2,2,,,,,,,
Aragón,2020-03-11,45,3.41,3,4,7,,,,0,1,,,,,,,
Aragón,2020-03-12,64,4.85,3,6,19,,,,0,2,,,,,,,
Aragón,2020-03-13,80,6.06,3,7,16,,,,0,1,,,,,,,
Aragón,2020-03-14,80,8.44,4,7,0,,,,,0,,,,,,,
Aragón,2020-03-15,147,10.81,6,7,67,,,,,0,,,,,,,
Aragón,2020-03-16,174,13.19,7,11,27,,,,,4,,,,,,,
Aragón,2020-03-17,207,15.69,9,12,33,,,,2,1,,,,,,,
Aragón,2020-03-18,226,17.13,9,13,19,,,,0,1,,,,,,,
Aragón,2020-03-19,281,21.22,14,15,55,,,,5,2,,,,,,,
Aragón,2020-03-20,360,26.83,28,17,79,,,,14,2,,,,,,,
Aragón,2020-03-21,424,31.3,33,22,64,,192,,5,5,,,,,,,
Aragón,2020-03-22,532,39.49,45,24,108,,241,49,12,2,,,,,,,
Aragón,2020-03-23,638,47.37,52,32,106,,298,57,7,8,3,,,,,,
Aragón,2020-03-24,758,54.57,66,37,120,,384,86,14,5,3,0,,,,,
Aragón,2020-03-25,907,65.09,75,40,149,,459,75,9,3,4,1,,,,,
Aragón,2020-03-26,1116,79.43,93,48,209,,562,103,18,8,4,0,,,,,
Aragón,2020-03-27,1338,95.35,114,58,222,,693,131,21,10,8,4,,,,,
Aragón,2020-03-28,1592,111.5,124,58,254,,835,142,10,0,8,0,,,,,
Aragón,2020-03-29,1858,129.69,124,93,266,,835,0,0,35,8,0,,,,,
Aragón,2020-03-30,2078,144.32,156,106,220,,1094,259,32,13,174,166,,,,,
Aragón,2020-03-31,2272,156.52,165,138,194,,1176,82,9,32,204,30,,,,,
Aragón,2020-04-01,2491,171.68,168,169,219,,1234,58,3,31,257,53,,,,,
Aragón,2020-04-02,2700,183.36,178,200,209,,1320,86,10,31,320,63,,,,,
Aragón,2020-04-03,2889,191.69,180,224,189,,1431,111,2,24,378,58,,,,,
Aragón,2020-04-04,3078,201.17,190,251,189,,1505,74,10,27,440,62,,,,,
Aragón,2020-04-05,3232,204.66,233,270,154,,1588,83,43,19,537,97,,,,,
Aragón,2020-04-06,3347,205.34,237,284,115,,1637,49,4,14,565,28,,,,,
Aragón,2020-04-07,3449,203.97,247,312,102,,1663,26,10,28,578,13,,,,,
Aragón,2020-04-08,3549,200.26,255,349,100,,1716,53,8,37,659,81,,,,,
Aragón,2020-04-09,3685,194.73,261,385,136,,1765,49,6,36,718,59,,,,,
Aragón,2020-04-10,3831,188.97,263,409,146,,1822,57,2,24,797,79,,,,,
Aragón,2020-04-11,3969,180.17,266,425,138,,1860,38,3,16,888,91,,,,,
Aragón,2020-04-12,4070,167.67,272,450,101,,1901,41,6,25,934,46,,,,,
Aragón,2020-04-13,4187,159.86,274,464,117,,1938,37,2,14,946,12,,,,,
Aragón,2020-04-14,4245,149.55,280,492,58,,1966,28,6,28,963,17,,,,,
Aragón,2020-04-15,4338,140,282,514,93,,2006,40,2,22,1012,49,,,,,
Aragón,2020-04-16,4566,141.44,291,543,228,,2108,102,9,29,1087,75,,,,4411,155
Aragón,2020-04-17,4664,134.54,240,562,98,,2151,43,-51,19,1132,45,,,,4489,175
Aragón,2020-04-18,4761,134.54,243,601,97,,2180,29,3,39,1121,-11,,,4761,4551,210
Aragón,2020-04-19,4831,121.2,246,619,70,,2216,36,3,18,1175,54,,,4831,4608,223
Aragón,2020-04-20,4886,116.65,248,637,55,,2244,28,2,18,1178,3,,,4886,4654,232
Aragón,2020-04-21,4938,112.86,250,643,52,,2271,27,2,6,1182,4,,,4938,4684,254
Aragón,2020-04-22,5054,114.08,252,656,116,,2304,33,2,13,1530,348,,,5054,4761,293
Aragón,2020-04-23,5237,117.64,253,681,183,,2340,36,1,25,1680,150,0,,5237,4833,404
Aragón,2020-04-24,4867,78.53,254,695,-370,,2359,19,1,14,1781,101,428,,5295,,
Aragón,2020-04-25,4922,72.24,255,709,55,1.1,2372,13,1,14,1929,148,460,0,,,
Aragón,2020-04-26,4955,67.08,257,712,33,0.7,2395,23,2,3,1960,31,,,,,
Aragón,2020-04-27,4985,60.49,257,726,30,0.6,2.403,-2392,0,14,2.01,-1957,,,,,
Aragón,2020-04-28,5004,57.53,258,735,19,0.4,2425,2422,1,9,2081,2078,,,,,
Aragón,2020-04-29,5042,53.36,258,736,38,0.8,2454,29,0,1,2189,108,,,,,
Asturias,2020-03-02,1,,,,,,,,,,,,,,,,
Asturias,2020-03-03,1,0.1,,,0,,,,,,,,,,,,
Asturias,2020-03-04,2,0.2,1,,1,,,,,,,,,,,,
Asturias,2020-03-05,5,0.49,2,0,3,,,,1,,,,,,,,
Asturias,2020-03-06,5,0.49,2,0,0,,,,0,0,,,,,,,
Asturias,2020-03-07,6,1,,,0.67,,,,,,,,,,,,
Asturias,2020-03-08,6,1,,,1.33,,,,,,,,,,,,
Asturias,2020-03-09,7,0.68,2,0,2,,,,0,0,,,,,,,
Asturias,2020-03-10,22,2.15,2,0,15,,,,0,0,,,,,,,
Asturias,2020-03-11,32,3.13,2,0,10,,,,0,0,,,,,,,
Asturias,2020-03-12,47,4.6,2,1,15,,,,0,1,,,,,,,
Asturias,2020-03-13,67,6.55,2,1,20,,,,0,0,,,,,,,
Asturias,2020-03-14,92,10.1,2,1,25,,,,,0,,,,,,,
Asturias,2020-03-15,137,13.66,3,1,45,,,,,0,,,,,,,
Asturias,2020-03-16,177,17.21,3,1,40,,,,,0,,,,,,,
Asturias,2020-03-17,193,18.77,5,1,16,,,,2,0,,,,,,,
Asturias,2020-03-18,242,23.46,5,1,49,,,,0,0,,,,,,,
Asturias,2020-03-19,292,28.06,6,1,50,,,,1,0,,,,,,,
Asturias,2020-03-20,344,33.14,7,2,52,,,,1,1,,,,,,,
Asturias,2020-03-21,486,47.03,12,5,142,,133,,5,3,,,,,,,
Asturias,2020-03-22,545,52.6,15,8,59,,171,38,3,3,,,,,,,
Asturias,2020-03-23,594,57.39,22,12,49,,194,23,7,4,21,,,,,,
Asturias,2020-03-24,662,62.57,23,22,68,,224,30,1,10,30,9,,,,,
Asturias,2020-03-25,779,73.24,29,25,117,,263,39,6,3,35,5,,,,,
Asturias,2020-03-26,841,77.84,34,27,62,,300,37,5,2,40,5,,,,,
Asturias,2020-03-27,900,81.44,47,29,59,,339,39,13,2,52,12,,,,,
Asturias,2020-03-28,1004,89.17,50,33,104,,408,69,3,4,65,13,,,,,
Asturias,2020-03-29,1088,92.98,57,41,84,,466,58,7,8,76,11,,,,,
Asturias,2020-03-30,1158,95.91,60,49,70,,479,13,3,8,78,2,,,,,
Asturias,2020-03-31,1236,101.97,65,55,78,,529,50,5,6,90,12,,,,,
Asturias,2020-04-01,1322,105.59,76,63,86,,590,61,11,8,109,19,,,,,
Asturias,2020-04-02,1384,106.77,79,69,62,,640,50,3,6,135,26,,,,,
Asturias,2020-04-03,1433,106.47,86,70,49,,702,62,7,1,154,19,,,,,
Asturias,2020-04-04,1522,101.29,87,76,89,,766,64,1,6,190,36,,,,,
Asturias,2020-04-05,1605,103.64,90,80,83,,808,42,3,4,216,26,,,,,
Asturias,2020-04-06,1646,102.85,90,86,41,,846,38,0,6,222,6,,,,,
Asturias,2020-04-07,1679,99.43,91,96,33,,889,43,1,10,244,22,,,,,
Asturias,2020-04-08,1705,90.54,91,102,26,,958,69,0,6,294,50,,,,,
Asturias,2020-04-09,1737,87.6,94,110,32,,1018,60,3,8,340,46,,,,,
Asturias,2020-04-10,1799,87.9,100,121,62,,1083,65,6,11,372,32,,,,,
Asturias,2020-04-11,1827,80.47,105,128,28,,1147,64,5,7,414,42,,,,,
Asturias,2020-04-12,1892,78.61,106,140,65,,1208,61,1,12,430,16,,,,,
Asturias,2020-04-13,1958,78.22,110,149,66,,1265,57,4,9,434,4,,,,,
Asturias,2020-04-14,2051,79.68,111,156,93,,1330,65,1,7,458,24,,,,,
Asturias,2020-04-15,2096,75.67,114,166,45,,1387,57,3,10,487,29,,,,,
Asturias,2020-04-16,2170,76.85,116,168,74,,1432,45,2,2,522,35,,,,2081,89
Asturias,2020-04-17,2230,77.92,118,174,60,,1474,42,2,6,545,23,,,,2124,54
Asturias,2020-04-18,2272,77.92,119,187,42,,1520,46,1,13,575,30,,,2272,2153,119
Asturias,2020-04-19,2298,67.76,120,196,26,,1571,51,1,9,596,21,,,2298,2172,126
Asturias,2020-04-20,2348,68.64,122,200,50,,1599,28,2,4,599,3,,,2348,2181,167
Asturias,2020-04-21,2365,67.07,122,202,17,,1626,27,0,2,616,17,,,2365,2192,173
Asturias,2020-04-22,2419,69.81,128,211,54,,1665,39,6,9,642,26,,,2419,2218,201
Asturias,2020-04-23,2453,70,130,223,34,,1705,40,2,12,665,23,0,,2453,2229,224
Asturias,2020-04-24,2234,42.53,131,231,-219,,1728,23,1,8,688,23,275,,2509,,
Asturias,2020-04-25,2238,40.18,132,239,4,0.2,1760,32,1,8,716,28,308,-,,,
Asturias,2020-04-26,2249,34.9,134,249,11,0.5,1790,30,2,10,749,33,,,,,
Asturias,2020-04-27,2254,28.94,137,253,5,0.2,1.814,-1788,3,4,759,10,,,,,
Asturias,2020-04-28,2255,28.65,137,261,1,0,1843,1841,0,8,780,21,,,,,
Asturias,2020-04-29,2266,25.32,137,266,11,0.5,1886,43,0,5,809,29,,,,,
Baleares,2020-03-02,2,,,,,,,,,,,,,,,,
Baleares,2020-03-03,2,0.17,,,0,,,,,,,,,,,,
Baleares,2020-03-04,5,0.43,,,3,,,,,,,,,,,,
Baleares,2020-03-05,6,0.52,0,0,1,,,,,,,,,,,,
Baleares,2020-03-06,6,0.52,0,0,0,,,,0,0,,,,,,,
Baleares,2020-03-07,8,1,,,1.67,,,,,,,,,,,,
Baleares,2020-03-08,9,1,,,3.33,,,,,,,,,,,,
Baleares,2020-03-09,11,0.96,0,0,5,,,,0,0,,,,,,,
Baleares,2020-03-10,13,1.13,1,0,2,,,,1,0,,,,,,,
Baleares,2020-03-11,16,1.39,1,0,3,,,,0,0,,,,,,,
Baleares,2020-03-12,22,1.83,2,1,6,,,,1,1,,,,,,,
Baleares,2020-03-13,30,2.52,2,1,8,,,,0,0,,,,,,,
Baleares,2020-03-14,28,3.74,3,1,-2,,,,,0,,,,,,,
Baleares,2020-03-15,28,4.96,3,1,0,,,,,0,,,,,,,
Baleares,2020-03-16,73,6.18,4,1,45,,,,,0,,,,,,,
Baleares,2020-03-17,92,7.83,4,1,19,,,,0,0,,,,,,,
Baleares,2020-03-18,112,9.31,4,1,20,,,,0,0,,,,,,,
Baleares,2020-03-19,169,14.18,7,2,57,,,,3,1,,,,,,,
Baleares,2020-03-20,203,17.14,10,2,34,,,,3,0,,,,,,,
Baleares,2020-03-21,246,20.88,14,4,43,,60,,4,2,,,,,,,
Baleares,2020-03-22,331,28.1,14,4,85,,79,19,0,0,,,,,,,
Baleares,2020-03-23,400,33.84,27,10,69,,87,8,13,6,18,,,,,,
Baleares,2020-03-24,478,40.45,35,10,78,,127,40,8,0,19,1,,,,,
Baleares,2020-03-25,562,45.55,40,13,84,,164,37,5,3,28,9,,,,,
Baleares,2020-03-26,660,53.23,43,17,98,,205,41,3,4,39,11,,,,,
Baleares,2020-03-27,755,63.25,46,22,95,,237,32,3,5,67,28,,,,,
Baleares,2020-03-28,862,72.56,59,26,107,,283,46,13,4,80,13,,,,,
Baleares,2020-03-29,958,79.69,71,29,96,,345,62,12,3,82,2,,,,,
Baleares,2020-03-30,1000,80.65,80,37,42,,353,8,9,8,100,18,,,,,
Baleares,2020-03-31,1069,85,85,42,69,,399,46,5,5,111,11,,,,,
Baleares,2020-04-01,1131,88.65,95,46,62,,468,69,10,4,170,59,,,,,
Baleares,2020-04-02,1204,90.04,105,58,73,,517,49,10,12,239,69,,,,,
Baleares,2020-04-03,1257,91.7,112,69,53,,587,70,7,11,375,136,,,,,
Baleares,2020-04-04,1271,89.17,114,71,14,,634,47,2,2,422,47,,,,,
Baleares,2020-04-05,1293,83.69,120,75,22,,664,30,6,4,461,39,,,,,
Baleares,2020-04-06,1320,80.04,121,81,27,,683,19,1,6,531,70,,,,,
Baleares,2020-04-07,1369,77.51,124,84,49,,705,22,3,3,537,6,,,,,
Baleares,2020-04-08,1412,73.95,129,89,43,,731,26,5,5,616,79,,,,,
Baleares,2020-04-09,1448,68.55,132,89,36,,751,20,3,0,696,80,,,,,
Baleares,2020-04-10,1488,63.77,136,97,40,,777,26,4,8,737,41,,,,,
Baleares,2020-04-11,1507,56.11,137,102,19,,778,1,1,5,757,20,,,,,
Baleares,2020-04-12,1534,50.11,142,112,27,,805,27,5,10,848,91,,,,,
Baleares,2020-04-13,1550,47.85,143,117,16,,811,6,1,5,862,14,,,,,
Baleares,2020-04-14,1571,43.67,145,118,21,,826,15,2,1,871,9,,,,,
Baleares,2020-04-15,1606,41.32,149,125,35,,857,31,4,7,881,10,,,,,
Baleares,2020-04-16,1637,37.67,152,131,31,,872,15,3,6,918,37,,,,,
Baleares,2020-04-17,1668,35.76,152,134,31,,905,33,0,3,938,20,,,,,
Baleares,2020-04-18,1748,35.76,157,148,80,,937,32,5,14,958,20,,,1748,1724,24
Baleares,2020-04-19,1773,41.76,160,155,25,,955,18,3,7,993,35,,,1773,1740,33
Baleares,2020-04-20,1788,40.71,161,157,15,,963,8,1,2,1005,12,,,1788,1749,39
Baleares,2020-04-21,1808,38.19,161,161,20,,986,23,0,4,1005,0,,,1808,1767,41
Baleares,2020-04-22,1836,36.89,166,164,28,,1005,19,5,3,1017,12,,,1836,1788,48
Baleares,2020-04-23,1861,35.93,167,168,25,,1022,17,1,4,1047,30,0,,1861,1807,54
Baleares,2020-04-24,1821,28.97,166,172,-40,,1040,18,-1,4,1081,34,57,,1878,,
Baleares,2020-04-25,1847,29.58,166,174,26,1.4,1058,18,0,2,1102,21,60,0,,,
Baleares,2020-04-26,1854,27.84,166,175,7,0.4,1062,4,0,1,1123,21,,,,,
Baleares,2020-04-27,1859,26.88,166,179,5,0.3,1.062,-1060,0,4,1.136,-1121,,,,,
Baleares,2020-04-28,1870,26.01,166,181,11,0.6,1074,1072,0,2,1166,1164,,,,,
Baleares,2020-04-29,1879,23.75,166,185,9,0.5,1079,5,0,4,1196,30,,,,,
CValenciana,2020-03-02,15,,,,,,,,,,,,,,,,
CValenciana,2020-03-03,15,0.3,,,0,,,,,,,,,,,,
CValenciana,2020-03-04,19,0.38,,,4,,,,,,,,,,,,
CValenciana,2020-03-05,19,0.38,0,1,0,,,,,,,,,,,,
CValenciana,2020-03-06,30,0.6,1,1,11,,,,1,0,,,,,,,
CValenciana,2020-03-07,32,1,,,9.67,,,,,,,,,,,,
CValenciana,2020-03-08,35,1,,,8.33,,,,,,,,,,,,
CValenciana,2020-03-09,37,0.74,1,1,7,,,,0,0,,,,,,,
CValenciana,2020-03-10,50,1,1,1,13,,,,0,0,,,,,,,
CValenciana,2020-03-11,65,1.28,1,1,15,,,,0,0,,,,,,,
CValenciana,2020-03-12,76,1.48,2,1,11,,,,1,0,,,,,,,
CValenciana,2020-03-13,94,1.72,2,1,18,,,,0,0,,,,,,,
CValenciana,2020-03-14,130,3.77,3,4,36,,,,,3,,,,,,,
CValenciana,2020-03-15,409,5.82,3,5,279,,,,,1,,,,,,,
CValenciana,2020-03-16,409,7.87,4,5,0,,,,,0,,,,,,,
CValenciana,2020-03-17,541,10.51,27,13,132,,,,23,8,,,,,,,
CValenciana,2020-03-18,726,14.13,40,22,185,,,,13,9,,,,,,,
CValenciana,2020-03-19,921,18.03,52,24,195,,,,12,2,,,,,,,
CValenciana,2020-03-20,1105,21.48,71,33,184,,,,19,9,,,,,,,
CValenciana,2020-03-21,1363,26.64,84,50,258,,476,,13,17,,,,,,,
CValenciana,2020-03-22,1604,31.32,113,69,241,,590,114,29,19,,,,,,,
CValenciana,2020-03-23,1901,37.25,138,94,297,,702,112,25,25,36,,,,,,
CValenciana,2020-03-24,2167,42.31,161,115,266,,917,215,23,21,37,1,,,,,
CValenciana,2020-03-25,2616,51.03,198,143,449,,1071,154,37,28,44,7,,,,,
CValenciana,2020-03-26,3200,62.5,230,167,584,,1278,207,32,24,57,13,,,,,
CValenciana,2020-03-27,3532,68.71,252,198,332,,1422,144,22,31,73,16,,,,,
CValenciana,2020-03-28,4034,78.02,282,234,502,,1694,272,30,36,92,19,,,,,
CValenciana,2020-03-29,4784,87.43,309,267,750,,1874,180,27,33,161,69,,,,,
CValenciana,2020-03-30,5110,93.95,336,310,326,,2042,168,27,43,185,24,,,,,
CValenciana,2020-03-31,5508,99.27,356,339,398,,2189,147,20,29,200,15,,,,,
CValenciana,2020-04-01,5922,103.84,365,395,414,,2189,0,9,56,240,40,,,,,
CValenciana,2020-04-02,6308,107.66,379,443,386,,2189,0,14,48,432,192,,,,,
CValenciana,2020-04-03,6624,110.3,386,511,316,,2064,-125,7,68,592,160,,,,,
CValenciana,2020-04-04,6901,110.68,386,571,277,,1977,-87,0,60,695,103,,,,,
CValenciana,2020-04-05,7184,111.52,381,613,283,,1901,-76,-5,42,812,117,,,,,
CValenciana,2020-04-06,7334,108.58,384,637,150,,1909,8,3,24,930,118,,,,,
CValenciana,2020-04-07,7443,105.44,384,672,109,,1887,-22,0,35,1103,173,,,,,
CValenciana,2020-04-08,7655,100.7,371,724,212,,1714,-173,-13,52,1344,241,,,,,
CValenciana,2020-04-09,7964,95.21,541,767,309,,3815,2101,170,43,1772,428,,,,,
CValenciana,2020-04-10,8331,95.91,561,796,367,,3987,172,20,29,2085,313,,,,,
CValenciana,2020-04-11,8578,90.81,565,818,247,,4132,145,4,22,2289,204,,,,,
CValenciana,2020-04-12,8841,81.08,567,838,263,,4149,17,2,20,2624,335,,,,,
CValenciana,2020-04-13,9060,78.94,576,876,219,,4269,120,9,38,2803,179,,,,,
CValenciana,2020-04-14,9213,74.04,581,907,153,,4397,128,5,31,3069,266,,,,,
CValenciana,2020-04-15,9424,69.99,588,945,211,,4465,68,7,38,3360,291,,,,,
CValenciana,2020-04-16,9615,66.09,625,972,191,,4524,59,37,27,3702,342,,,,,
CValenciana,2020-04-17,9869,64.85,632,999,254,,4605,81,7,27,4024,322,,,,9486,297
CValenciana,2020-04-18,9795,64.85,636,1042,-74,,4708,103,4,43,4306,282,322,,10117,9584,211
CValenciana,2020-04-19,9937,55.02,643,1065,142,,4781,73,7,23,4547,241,313,,10250,9657,280
CValenciana,2020-04-20,10018,53.64,646,1079,81,,4827,46,3,14,4629,82,321,,10339,9708,310
CValenciana,2020-04-21,10084,52.78,648,1089,66,,4866,39,2,10,4719,90,315,,10399,9750,334
CValenciana,2020-04-22,10538,57.62,649,1106,454,,4896,30,1,17,5011,292,33,,10571,9825,713
CValenciana,2020-04-23,10692,54.52,650,1124,154,,4917,21,1,18,5388,377,43,,10735,9869,823
CValenciana,2020-04-24,9939,32.14,651,1147,-753,,4945,28,1,23,5809,421,967,,10906,,
CValenciana,2020-04-25,10066,29.74,653,1172,127,1.3,4978,33,2,25,6033,224,1057,71,,,
CValenciana,2020-04-26,10160,26.36,654,1186,94,0.9,5013,35,1,14,6243,210,,,,,
CValenciana,2020-04-27,10180,22.38,656,1189,20,0.2,5032,19,2,3,6317,74,,,,,
CValenciana,2020-04-28,10204,24.46,659,1200,24,0.2,5046,14,3,11,6423,106,,,,,
CValenciana,2020-04-29,10236,20.88,662,1218,32,0.3,5072,26,3,18,6599,176,,,,,
Canarias,2020-03-02,7,,,,,,,,,,,,,,,,
Canarias,2020-03-03,7,0.33,,,0,,,,,,,,,,,,
Canarias,2020-03-04,7,0.33,,,0,,,,,,,,,,,,
Canarias,2020-03-05,8,0.37,0,0,1,,,,,,,,,,,,
Canarias,2020-03-06,11,0.51,0,0,3,,,,0,0,,,,,,,
Canarias,2020-03-07,15,1,,,5.67,,,,,,,,,,,,
Canarias,2020-03-08,18,1,,,8.33,,,,,,,,,,,,
Canarias,2020-03-09,22,1.02,0,0,11,,,,0,0,,,,,,,
Canarias,2020-03-10,25,1.16,1,0,3,,,,1,0,,,,,,,
Canarias,2020-03-11,37,1.49,1,0,12,,,,0,0,,,,,,,
Canarias,2020-03-12,51,2.09,3,0,14,,,,2,0,,,,,,,
Canarias,2020-03-13,70,2.97,2,0,19,,,,-1,0,,,,,,,
Canarias,2020-03-14,90,3.71,4,1,20,,,,,1,,,,,,,
Canarias,2020-03-15,109,4.46,7,1,19,,,,,0,,,,,,,
Canarias,2020-03-16,119,5.2,9,1,10,,,,,0,,,,,,,
Canarias,2020-03-17,148,6.55,13,2,29,,,,4,1,,,,,,,
Canarias,2020-03-18,181,8.08,17,3,33,,,,4,1,,,,,,,
Canarias,2020-03-19,220,9.84,23,3,39,,,,6,0,,,,,,,
Canarias,2020-03-20,287,12.82,25,4,67,,,,2,1,,,,,,,
Canarias,2020-03-21,348,15.65,29,7,61,,139,,4,3,,,,,,,
Canarias,2020-03-22,414,18.44,32,9,66,,150,11,3,2,,,,,,,
Canarias,2020-03-23,481,21.32,32,11,67,,172,22,0,2,7,,,,,,
Canarias,2020-03-24,557,24.71,36,16,76,,207,35,4,5,8,1,,,,,
Canarias,2020-03-25,657,27.92,43,21,100,,235,28,7,5,15,7,,,,,
Canarias,2020-03-26,784,33.01,45,24,127,,279,44,2,3,18,3,,,,,
Canarias,2020-03-27,878,37.52,61,27,94,,328,49,16,3,20,2,,,,,
Canarias,2020-03-28,1025,43.42,68,36,147,,377,49,7,9,25,5,,,,,
Canarias,2020-03-29,1125,47.18,78,39,100,,425,48,10,3,30,5,,,,,
Canarias,2020-03-30,1204,50.39,84,40,79,,444,19,6,1,32,2,,,,,
Canarias,2020-03-31,1262,51.73,94,55,58,,483,39,10,15,57,25,,,,,
Canarias,2020-04-01,1380,55.68,110,62,118,,532,49,16,7,77,20,,,,,
Canarias,2020-04-02,1444,56.84,113,68,64,,566,34,3,6,94,17,,,,,
Canarias,2020-04-03,1490,55.87,120,73,46,,605,39,7,5,102,8,,,,,
Canarias,2020-04-04,1564,56.47,128,78,74,,632,27,8,5,123,21,,,,,
Canarias,2020-04-05,1622,56.1,129,80,58,,644,12,1,2,137,14,,,,,
Canarias,2020-04-06,1649,54.24,133,85,27,,651,7,4,5,157,20,,,,,
Canarias,2020-04-07,1725,54.24,137,89,76,,689,38,4,4,186,29,,,,,
Canarias,2020-04-08,1762,51.31,138,91,37,,703,14,1,2,249,63,,,,,
Canarias,2020-04-09,1834,48.76,140,92,72,,730,27,2,1,359,110,,,,,
Canarias,2020-04-10,1858,45.51,141,94,24,,738,8,1,2,386,27,,,,,
Canarias,2020-04-11,1887,40.03,144,95,29,,745,7,3,1,432,46,,,,,
Canarias,2020-04-12,1918,36.83,144,95,31,,758,13,0,0,447,15,,,,,
Canarias,2020-04-13,1944,34.36,145,96,26,,763,5,1,1,458,11,,,,,
Canarias,2020-04-14,1958,32.32,147,102,14,,771,8,2,6,589,131,,,,,
Canarias,2020-04-15,1975,27.63,152,104,17,,781,10,5,2,622,33,,,,,
Canarias,2020-04-16,1988,25.26,156,107,13,,802,21,4,3,673,51,,,,1988,
Canarias,2020-04-17,2009,24.1,159,111,21,,811,9,3,4,730,57,,,,2009,
Canarias,2020-04-18,2035,24.1,160,115,26,,822,11,1,4,785,55,,,2035,2035,
Canarias,2020-04-19,2047,19.74,162,119,12,,825,3,2,4,789,4,,,2047,2047,
Canarias,2020-04-20,2067,19.41,163,119,20,,826,1,1,0,813,24,,,2067,2067,0
Canarias,2020-04-21,2085,16.72,164,120,18,,837,11,1,1,878,65,,,2085,2085,0
Canarias,2020-04-22,2094,15.42,164,121,9,,841,4,0,1,927,49,,,2094,2094,0
Canarias,2020-04-23,2113,12.96,169,121,19,,855,14,5,0,969,42,0,,2113,2113,0
Canarias,2020-04-24,2140,13.1,169,128,27,,868,13,0,7,1017,48,0,,2140,,
Canarias,2020-04-25,2155,12.45,171,130,15,0.7,878,10,2,2,1036,19,0,-,,,
Canarias,2020-04-26,2167,11.56,171,131,12,0.6,880,2,0,1,1048,12,,,,,
Canarias,2020-04-27,2178,10.87,171,131,11,0.5,881,1,0,0,1.047,-1046,,,,,
Canarias,2020-04-28,2187,10.63,174,133,9,0.4,900,19,3,2,1075,1073,,,,,
Canarias,2020-04-29,2202,10.54,176,134,15,0.7,906,6,2,1,1107,32,,,,,
Cantabria,2020-03-02,10,,,,,,,,,,,,,,,,
Cantabria,2020-03-03,10,1.72,,,0,,,,,,,,,,,,
Cantabria,2020-03-04,10,1.72,,,0,,,,,,,,,,,,
Cantabria,2020-03-05,10,1.72,0,0,0,,,,,,,,,,,,
Cantabria,2020-03-06,10,1.72,0,0,0,,,,0,0,,,,,,,
Cantabria,2020-03-07,11,2,,,0.67,,,,,,,,,,,,
Cantabria,2020-03-08,11,2,,,1.33,,,,,,,,,,,,
Cantabria,2020-03-09,12,2.07,0,0,2,,,,0,0,,,,,,,
Cantabria,2020-03-10,12,2.07,0,0,0,,,,0,0,,,,,,,
Cantabria,2020-03-11,12,2.07,0,0,0,,,,0,0,,,,,,,
Cantabria,2020-03-12,16,2.75,0,0,4,,,,0,0,,,,,,,
Cantabria,2020-03-13,29,4.99,0,0,13,,,,0,0,,,,,,,
Cantabria,2020-03-14,31,6.08,1,0,2,,,,,0,,,,,,,
Cantabria,2020-03-15,51,7.17,1,0,20,,,,,0,,,,,,,
Cantabria,2020-03-16,58,8.26,2,0,7,,,,,0,,,,,,,
Cantabria,2020-03-17,58,8.26,2,0,0,,,,0,0,,,,,,,
Cantabria,2020-03-18,68,9.98,3,1,10,,,,1,1,,,,,,,
Cantabria,2020-03-19,83,12.56,4,1,15,,,,1,0,,,,,,,
Cantabria,2020-03-20,144,23.06,7,1,61,,,,3,0,,,,,,,
Cantabria,2020-03-21,215,35.28,9,2,71,,92,,2,1,,,,,,,
Cantabria,2020-03-22,282,46.47,9,5,67,,116,24,0,3,,,,,,,
Cantabria,2020-03-23,347,57.65,14,6,65,,157,41,5,1,11,,,,,,
Cantabria,2020-03-24,425,71.07,16,9,78,,200,43,2,3,12,1,,,,,
Cantabria,2020-03-25,510,85.57,18,14,85,,241,41,2,5,12,0,,,,,
Cantabria,2020-03-26,671,112.55,26,17,161,,300,59,8,3,14,2,,,,,
Cantabria,2020-03-27,810,134.41,29,21,139,,355,55,3,4,19,5,,,,,
Cantabria,2020-03-28,937,155.92,37,22,127,,406,51,8,1,21,2,,,,,
Cantabria,2020-03-29,1023,167.28,40,26,86,,449,43,3,4,25,4,,,,,
Cantabria,2020-03-30,1100,179.32,46,27,77,,481,32,6,1,24,-1,,,,,
Cantabria,2020-03-31,1171,191.54,50,37,71,,522,41,4,10,35,11,,,,,
Cantabria,2020-04-01,1213,197.05,54,54,42,,543,21,4,17,43,8,,,,,
Cantabria,2020-04-02,1268,203.93,57,60,55,,567,24,3,6,60,17,,,,,
Cantabria,2020-04-03,1321,202.55,59,64,53,,592,25,2,4,74,14,,,,,
Cantabria,2020-04-04,1384,201.18,60,68,63,,619,27,1,4,99,25,,,,,
Cantabria,2020-04-05,1441,199.46,62,68,57,,639,20,2,0,113,14,,,,,
Cantabria,2020-04-06,1483,195.5,65,77,42,,658,19,3,9,118,5,,,,,
Cantabria,2020-04-07,1501,185.17,66,85,18,,677,19,1,8,129,11,,,,,
Cantabria,2020-04-08,1572,182.76,69,92,71,,700,23,3,7,175,46,,,,,
Cantabria,2020-04-09,1619,163.15,71,98,47,,720,20,2,6,214,39,,,,,
Cantabria,2020-04-10,1659,146.11,73,102,40,,747,27,2,4,265,51,,,,,
Cantabria,2020-04-11,1719,134.58,75,107,60,,773,26,2,5,281,16,,,,,
Cantabria,2020-04-12,1752,125.46,75,110,33,,805,32,0,3,297,16,,,,,
Cantabria,2020-04-13,1777,116.51,75,117,25,,827,22,0,7,317,20,,,,,
Cantabria,2020-04-14,1796,107.56,76,120,19,,853,26,1,3,323,6,,,,,
Cantabria,2020-04-15,1823,104.98,76,132,27,,873,20,0,12,363,40,,,,,
Cantabria,2020-04-16,1845,99.3,77,137,22,,890,17,1,5,442,79,,,,,
Cantabria,2020-04-17,1884,96.89,78,144,39,,903,13,1,7,510,68,,,,,
Cantabria,2020-04-18,1990,96.89,78,149,106,,911,8,0,5,534,24,,,1990,,
Cantabria,2020-04-19,2050,104.81,78,153,60,,924,13,0,4,610,76,,,2050,1949,101
Cantabria,2020-04-20,2083,103.26,78,158,33,,934,10,0,5,626,16,,,2083,1973,110
Cantabria,2020-04-21,2123,107.04,78,165,40,,948,14,0,7,646,20,,,2123,1998,125
Cantabria,2020-04-22,2160,101.19,78,167,37,,956,8,0,2,718,72,,,2160,2012,148
Cantabria,2020-04-23,2206,101.02,78,173,46,,965,9,0,6,850,132,0,,2206,2023,183
Cantabria,2020-04-24,2084,73.14,78,178,-122,,978,13,0,5,913,63,189,,2273,,
Cantabria,2020-04-25,2071,60.58,78,182,-13,0.8,982,4,0,4,1046,133,244,-,,,
Cantabria,2020-04-26,2083,56.96,78,183,12,0.6,991,9,0,1,1127,81,,,,,
Cantabria,2020-04-27,2104,56.27,78,186,21,1,995,4,0,3,1.241,-1125,,,,,
Cantabria,2020-04-28,2115,72.28,78,188,11,0.5,1000,5,0,2,1290,1288,,,,,
Cantabria,2020-04-29,2146,72.97,79,191,31,1.5,1006,6,1,3,1372,82,,,,,
CastillaLaMancha,2020-03-02,3,,,,,,,,,,,,,,,,
CastillaLaMancha,2020-03-03,7,0.34,,,4,,,,,,,,,,,,
CastillaLaMancha,2020-03-04,12,0.59,1,,5,,,,,,,,,,,,
CastillaLaMancha,2020-03-05,13,0.64,1,0,1,,,,0,,,,,,,,
CastillaLaMancha,2020-03-06,15,0.74,1,0,2,,,,0,0,,,,,,,
CastillaLaMancha,2020-03-07,19,1,,,5,,,,,,,,,,,,
CastillaLaMancha,2020-03-08,22,1,,,8,,,,,,,,,,,,
CastillaLaMancha,2020-03-09,26,1.28,2,0,11,,,,1,0,,,,,,,
CastillaLaMancha,2020-03-10,39,1.92,2,0,13,,,,0,0,,,,,,,
CastillaLaMancha,2020-03-11,71,3.49,5,0,32,,,,3,0,,,,,,,
CastillaLaMancha,2020-03-12,115,5.66,9,1,44,,,,4,1,,,,,,,
CastillaLaMancha,2020-03-13,194,9.54,10,5,79,,,,1,4,,,,,,,
CastillaLaMancha,2020-03-14,289,15.61,14,6,95,,,,,1,,,,,,,
CastillaLaMancha,2020-03-15,401,21.67,19,10,112,,,,,4,,,,,,,
CastillaLaMancha,2020-03-16,567,27.74,23,17,166,,,,,7,,,,,,,
CastillaLaMancha,2020-03-17,567,27.55,23,17,0,,,,0,0,,,,,,,
CastillaLaMancha,2020-03-18,675,32.61,29,28,108,,,,6,11,,,,,,,
CastillaLaMancha,2020-03-19,801,38.76,37,42,126,,,,8,14,,,,,,,
CastillaLaMancha,2020-03-20,1044,50.62,37,62,243,,,,0,20,,,,,,,
CastillaLaMancha,2020-03-21,1423,69.26,65,84,379,,635,,28,22,,,,,,,
CastillaLaMancha,2020-03-22,1819,88.74,76,112,396,,838,203,11,28,,,,,,,
CastillaLaMancha,2020-03-23,2078,100.94,142,145,259,,1547,709,66,33,51,,,,,,
CastillaLaMancha,2020-03-24,2465,119.34,182,216,387,,1826,279,40,71,53,2,,,,,
CastillaLaMancha,2020-03-25,2780,132.9,210,263,315,,2162,336,28,47,71,18,,,,,
CastillaLaMancha,2020-03-26,3383,160.32,243,316,603,,2162,0,33,53,95,24,,,,,
CastillaLaMancha,2020-03-27,3934,183.98,273,367,551,,2707,545,30,51,153,58,,,,,
CastillaLaMancha,2020-03-28,4512,207.74,289,448,578,,2977,270,16,81,197,44,,,,,
CastillaLaMancha,2020-03-29,5246,238.33,299,539,734,,3018,41,10,91,236,39,,,,,
CastillaLaMancha,2020-03-30,5858,260.27,302,622,612,,3134,116,3,83,252,16,,,,,
CastillaLaMancha,2020-03-31,6424,288.12,344,708,566,,3225,91,42,86,296,44,,,,,
CastillaLaMancha,2020-04-01,7047,313.45,353,774,623,,3230,5,9,66,397,101,,,,,
CastillaLaMancha,2020-04-02,7682,338.49,355,854,635,,3230,0,2,80,494,97,,,,,
CastillaLaMancha,2020-04-03,8523,367.9,355,916,841,,3168,-62,0,62,579,85,,,,,
CastillaLaMancha,2020-04-04,9324,388.66,360,989,801,,3133,-35,5,73,657,78,,,,,
CastillaLaMancha,2020-04-05,10031,403.96,357,1055,707,,2950,-183,-3,66,1149,492,,,,,
CastillaLaMancha,2020-04-06,10602,419.31,354,1132,571,,2901,-49,-3,77,1259,110,,,,,
CastillaLaMancha,2020-04-07,11077,423.64,360,1177,475,,2908,7,6,45,1353,94,,,,,
CastillaLaMancha,2020-04-08,11788,443.12,354,1255,711,,2731,-177,-6,78,1557,204,,,,,
CastillaLaMancha,2020-04-09,12489,447.94,342,1322,701,,2575,-156,-12,67,1766,209,,,,,
CastillaLaMancha,2020-04-10,13063,449.07,329,1431,574,,2359,-216,-13,109,1982,216,,,,,
CastillaLaMancha,2020-04-11,13456,439.97,316,1483,393,,2198,-161,-13,52,2205,223,,,,,
CastillaLaMancha,2020-04-12,13698,415.77,316,1543,242,,6838,4640,0,60,2365,160,,,,,
CastillaLaMancha,2020-04-13,14054,403.18,475,1626,356,,7782,944,159,83,2532,167,,,,,
CastillaLaMancha,2020-04-14,14329,388.86,486,1714,275,,7830,48,11,88,2943,411,,,,,
CastillaLaMancha,2020-04-15,14680,375.48,495,1755,351,,7896,66,9,41,2998,55,,,,,
CastillaLaMancha,2020-04-16,15151,367.41,503,1796,471,,7987,91,8,41,3378,380,,,,,
CastillaLaMancha,2020-04-17,15997,367.66,511,1852,846,,8018,31,8,56,3600,222,,,,,
CastillaLaMancha,2020-04-18,16349,367.66,514,1913,352,,8093,75,3,61,3838,238,,,16349,,
CastillaLaMancha,2020-04-19,16625,324.37,518,1963,276,,8137,44,4,50,3963,125,,,16625,14588,2037
CastillaLaMancha,2020-04-20,16796,304.69,531,2021,171,,8173,36,13,58,4178,215,,,16796,14725,2071
CastillaLaMancha,2020-04-21,17045,293.58,534,2075,249,,8199,26,3,54,4242,64,,,17045,14936,2109
CastillaLaMancha,2020-04-22,17321,272.18,537,2140,276,,8243,44,3,65,4337,95,,,17321,15053,2268
CastillaLaMancha,2020-04-23,17557,249.3,546,2188,236,,8304,61,9,48,4577,240,0,,17557,15128,2429
CastillaLaMancha,2020-04-24,15365,113.24,553,2255,-2192,,8342,38,7,67,4782,205,2688,,18053,,
CastillaLaMancha,2020-04-25,15509,100.99,559,2292,144,0.9,8385,43,6,37,4876,94,3016,-,,,
CastillaLaMancha,2020-04-26,15609,94.01,565,2330,100,0.6,8417,32,6,38,5196,320,,,,,
CastillaLaMancha,2020-04-27,15664,79.2,579,2365,55,0.4,8.444,-8408,14,35,5282,86,,,,,
CastillaLaMancha,2020-04-28,15706,167.94,584,2396,42,0.3,8464,8455,5,31,5306,24,,,,,
CastillaLaMancha,2020-04-29,15785,154.56,588,2436,79,0.5,8523,59,4,40,5382,76,,,,,
CastillayLeón,2020-03-02,3,,,,,,,,,,,,,,,,
CastillayLeón,2020-03-03,8,0.33,,,5,,,,,,,,,,,,
CastillayLeón,2020-03-04,11,0.46,1,,3,,,,,,,,,,,,
CastillayLeón,2020-03-05,11,0.46,1,0,0,,,,0,,,,,,,,
CastillayLeón,2020-03-06,14,0.58,1,0,3,,,,0,0,,,,,,,
CastillayLeón,2020-03-07,17,1,,,5,,,,,,,,,,,,
CastillayLeón,2020-03-08,20,1,,,7,,,,,,,,,,,,
CastillayLeón,2020-03-09,23,0.96,1,0,9,,,,0,0,,,,,,,
CastillayLeón,2020-03-10,56,2.33,2,0,33,,,,1,0,,,,,,,
CastillayLeón,2020-03-11,71,2.96,2,0,15,,,,0,0,,,,,,,
CastillayLeón,2020-03-12,92,3.83,4,0,21,,,,2,0,,,,,,,
CastillayLeón,2020-03-13,169,6.96,8,1,77,,,,4,1,,,,,,,
CastillayLeón,2020-03-14,223,9.24,13,3,54,,,,,2,,,,,,,
CastillayLeón,2020-03-15,292,11.51,19,6,69,,,,,3,,,,,,,
CastillayLeón,2020-03-16,334,13.79,24,9,42,,,,,3,,,,,,,
CastillayLeón,2020-03-17,431,17.63,24,12,97,,,,0,3,,,,,,,
CastillayLeón,2020-03-18,668,27.38,43,22,237,,,,19,10,,,,,,,
CastillayLeón,2020-03-19,868,35.72,54,29,200,,,,11,7,,,,,,,
CastillayLeón,2020-03-20,1147,47.22,69,43,279,,,,15,14,,,,,,,
CastillayLeón,2020-03-21,1466,60.51,85,55,319,,575,,16,12,,,,,,,
CastillayLeón,2020-03-22,1744,71.76,106,74,278,,709,134,21,19,,,,,,,
CastillayLeón,2020-03-23,2055,84.68,120,102,311,,860,151,14,28,117,,,,,,
CastillayLeón,2020-03-24,2460,100.19,137,124,405,,1057,197,17,22,140,23,,,,,
CastillayLeón,2020-03-25,2940,119.4,170,165,480,,1244,187,33,41,213,73,,,,,
CastillayLeón,2020-03-26,3488,141.33,202,206,548,,1515,271,32,41,308,95,,,,,
CastillayLeón,2020-03-27,4132,165.16,228,252,644,,1791,276,26,46,423,115,,,,,
CastillayLeón,2020-03-28,4791,190.37,249,321,659,,2063,272,21,69,585,162,,,,,
CastillayLeón,2020-03-29,5414,213.46,278,380,623,,2408,345,29,59,752,167,,,,,
CastillayLeón,2020-03-30,5801,227.83,307,442,387,,2540,132,29,62,871,119,,,,,
CastillayLeón,2020-03-31,6211,240.88,325,516,410,,2601,61,18,74,1028,157,,,,,
CastillayLeón,2020-04-01,6847,257.51,345,585,636,,2692,91,20,69,1259,231,,,,,
CastillayLeón,2020-04-02,7355,270.34,353,641,508,,2709,17,8,56,1498,239,,,,,
CastillayLeón,2020-04-03,7875,280.39,355,723,520,,2711,2,2,82,1759,261,,,,,
CastillayLeón,2020-04-04,8332,286.14,348,786,457,,2664,-47,-7,63,2021,262,,,,,
CastillayLeón,2020-04-05,8749,291.93,351,847,417,,2574,-90,3,61,2331,310,,,,,
CastillayLeón,2020-04-06,9116,294.26,348,919,367,,2508,-66,-3,72,2533,202,,,,,
CastillayLeón,2020-04-07,9581,296.76,346,982,465,,5180,2672,-2,63,2711,178,,,,,
CastillayLeón,2020-04-08,10058,296.64,342,1028,477,,5322,142,-4,46,2988,277,,,,,
CastillayLeón,2020-04-09,10518,292.97,338,1082,460,,5523,201,-4,54,3242,254,,,,,
CastillayLeón,2020-04-10,11102,290.47,332,1129,584,,5674,151,-6,47,3506,264,,,,,
CastillayLeón,2020-04-11,11543,281.39,327,1180,441,,5817,143,-5,51,3757,251,,,,,
CastillayLeón,2020-04-12,12118,279.39,323,1221,575,,5957,140,-4,41,4010,253,,,,,
CastillayLeón,2020-04-13,12628,284.51,312,1263,510,,6077,120,-11,42,4154,144,,,,,
CastillayLeón,2020-04-14,13180,290.43,308,1299,552,,6175,98,-4,36,4266,112,,,,,
CastillayLeón,2020-04-15,13697,285.47,306,1337,517,,6306,131,-2,38,4521,255,,,,,
CastillayLeón,2020-04-16,14380,292.76,307,1372,683,,6449,143,1,35,4725,204,,,,,
CastillayLeón,2020-04-17,14903,292.89,297,1401,523,,6518,69,-10,29,4924,199,,,,,
CastillayLeón,2020-04-18,15293,292.89,495,1429,390,,6831,313,198,28,5103,179,,,15293,,
CastillayLeón,2020-04-19,15621,286.39,498,1458,328,,6981,150,3,29,5262,159,,,15621,14644,977
CastillayLeón,2020-04-20,15857,280.93,501,1493,236,,7080,99,3,35,5366,104,,,15857,14781,1076
CastillayLeón,2020-04-21,16259,278.3,503,1521,402,,7174,94,2,28,5429,63,,,16259,14951,1308
CastillayLeón,2020-04-22,16839,282.59,505,1554,580,,7264,90,2,33,5614,185,,,16839,15141,1698
CastillayLeón,2020-04-23,17402,286.89,508,1582,563,,7397,133,3,28,5777,163,0,,17402,15510,1892
CastillayLeón,2020-04-24,15692,191.29,510,1612,-1710,,7506,109,2,30,5943,166,2084,,17776,,
CastillayLeón,2020-04-25,15990,185.33,511,1639,298,1.9,7555,49,1,27,6033,90,2269,-,,,
CastillayLeón,2020-04-26,16222,171.03,515,1666,232,1.5,7653,98,4,27,6208,175,,,,,
CastillayLeón,2020-04-27,16404,157.36,518,1690,182,1.1,7703,50,3,24,6272,64,,,,,
CastillayLeón,2020-04-28,16589,182.78,522,1710,185,1.1,7777,74,4,20,6323,51,,,,,
CastillayLeón,2020-04-29,16690,165.45,524,1736,101,0.6,7854,77,2,26,6448,125,,,,,
Cataluña,2020-03-02,15,,,,,,,,,,,,,,,,
Cataluña,2020-03-03,15,0.2,,,0,,,,,,,,,,,,
Cataluña,2020-03-04,15,0.2,,,0,,,,,,,,,,,,
Cataluña,2020-03-05,24,0.31,0,0,9,,,,,,,,,,,,
Cataluña,2020-03-06,24,0.31,0,0,0,,,,0,0,,,,,,,
Cataluña,2020-03-07,41,1,,,17,,,,,,,,,,,,
Cataluña,2020-03-08,58,1,,,34,,,,,,,,,,,,
Cataluña,2020-03-09,75,0.98,0,1,51,,,,0,1,,,,,,,
Cataluña,2020-03-10,124,1.62,0,3,49,,,,0,2,,,,,,,
Cataluña,2020-03-11,156,2.02,0,3,32,,,,0,0,,,,,,,
Cataluña,2020-03-12,260,3.36,0,4,104,,,,0,1,,,,,,,
Cataluña,2020-03-13,316,4.08,25,4,56,,,,25,0,,,,,,,
Cataluña,2020-03-14,509,6.58,28,6,193,,,,,2,,,,,,,
Cataluña,2020-03-15,715,9.07,30,8,206,,,,,2,,,,,,,
Cataluña,2020-03-16,903,11.57,33,12,188,,,,,4,,,,,,,
Cataluña,2020-03-17,1394,17.97,33,18,491,,,,0,6,,,,,,,
Cataluña,2020-03-18,1866,24.12,33,41,472,,,,0,23,,,,,,,
Cataluña,2020-03-19,2702,34.89,33,55,836,,,,0,14,,,,,,,
Cataluña,2020-03-20,3270,42.29,33,82,568,,,,0,27,,,,,,,
Cataluña,2020-03-21,4203,54.45,298,122,933,,1681,,265,40,,,,,,,
Cataluña,2020-03-22,4704,60.65,298,191,501,,1681,0,0,69,,,,,,,
Cataluña,2020-03-23,5925,76.22,551,245,1221,,1681,0,253,54,644,,,,,,
Cataluña,2020-03-24,7864,100.84,551,282,1939,,3599,1918,0,37,728,84,,,,,
Cataluña,2020-03-25,9937,128.54,781,516,2073,,5434,1835,230,234,1274,546,,,,,
Cataluña,2020-03-26,11592,148.92,1021,672,1655,,7439,2005,240,156,1697,423,,,,,
Cataluña,2020-03-27,12940,164.48,1187,880,1348,,8545,1106,166,208,2348,651,,,,,
Cataluña,2020-03-28,14263,179.2,1324,1070,1323,,9900,1355,137,190,3106,758,,,,,
Cataluña,2020-03-29,15026,186.46,1391,1226,763,,10688,788,67,156,3455,349,,,,,
Cataluña,2020-03-30,16157,198.74,1512,1410,1131,,11769,1081,121,184,4125,670,,,,,
Cataluña,2020-03-31,18773,226.43,1652,1672,2616,,12974,1205,140,262,4966,841,,,,,
Cataluña,2020-04-01,19991,236.15,1769,1849,1218,,13969,995,117,177,5701,735,,,,,
Cataluña,2020-04-02,21804,248.88,1855,2093,1813,,15489,1520,86,244,6917,1216,,,,,
Cataluña,2020-04-03,23460,263.05,2053,2335,1656,,17257,1768,198,242,7849,932,,,,,
Cataluña,2020-04-04,24734,267.5,2108,2508,1274,,17678,421,55,173,8635,786,,,,,
Cataluña,2020-04-05,26032,277.88,2249,2637,1298,,18656,978,141,129,9528,893,,,,,
Cataluña,2020-04-06,26824,272.29,2276,2760,792,,19143,487,27,123,10088,560,,,,,
Cataluña,2020-04-07,28323,266.56,2391,2908,1499,,19745,602,115,148,10738,650,,,,,
Cataluña,2020-04-08,29647,256.8,2442,3041,1324,,20250,505,51,133,12250,1512,,,,,
Cataluña,2020-04-09,31043,253.43,2507,3148,1396,,20943,693,65,107,13063,813,,,,,
Cataluña,2020-04-10,31824,246.04,2582,3231,781,,21530,587,75,83,13513,450,,,,,
Cataluña,2020-04-11,32984,243.91,2629,3331,1160,,21921,391,47,100,14258,745,,,,,
Cataluña,2020-04-12,34027,247.56,2658,3442,1043,,22369,448,29,111,14975,717,,,,,
Cataluña,2020-04-13,34726,241.93,2713,3538,699,,22780,411,55,96,15602,627,,,,,
Cataluña,2020-04-14,35197,213.99,2775,3666,471,,23126,346,62,128,15967,365,,,,,
Cataluña,2020-04-15,36505,215.16,2789,3756,1308,,23372,246,14,90,16651,684,,,,,
Cataluña,2020-04-16,37354,202.6,2798,3855,849,,23680,308,9,99,17297,646,,,,,
Cataluña,2020-04-17,38316,193.56,2305,3752,962,,21242,-2438,-493,-103,12787,-4510,,,,,
Cataluña,2020-04-18,39943,193.56,2349,3879,1627,,22013,771,44,127,13275,488,,,39943,,152
Cataluña,2020-04-19,40600,189.81,2395,3933,657,,22235,222,46,54,13691,416,,,40600,40448,152
Cataluña,2020-04-20,41676,193.51,2409,4009,1076,,22375,140,14,76,13934,243,,,41676,41676,0
Cataluña,2020-04-21,43112,192.69,2437,4152,1436,,22796,421,28,143,14446,512,,,43112,43112,0
Cataluña,2020-04-22,43802,184.42,2460,4247,690,,23295,499,23,95,15089,643,,,43802,43802,0
Cataluña,2020-04-23,44892,180.44,2478,4343,1090,,23647,352,18,96,15477,388,0,,44892,44892,0
Cataluña,2020-04-24,45544,178.76,2569,4393,652,,24130,483,91,50,16138,661,1027,,46571,,
Cataluña,2020-04-25,46261,172.99,2576,4498,717,1.6,24130,0,7,105,16753,615,1027,-,,,
Cataluña,2020-04-26,46811,166.56,2583,4566,550,1.2,25665,1535,7,68,17006,253,,,,,
Cataluña,2020-04-27,47755,169.75,2724,4699,944,2,25799,134,141,133,17897,891,,,,,
Cataluña,2020-04-28,48158,168.87,2750,4808,403,0.8,26230,431,26,109,18319,422,,,,,
Cataluña,2020-04-29,48654,158.29,2768,4905,496,1,26546,316,18,97,19060,741,,,,,
Ceuta,2020-03-02,0,,,,,,,,,,,,,,,,
Ceuta,2020-03-03,0,0,,,0,,,,,,,,,,,,
Ceuta,2020-03-04,0,0,,,0,,,,,,,,,,,,
Ceuta,2020-03-05,0,0,0,0,0,,,,,,,,,,,,
Ceuta,2020-03-06,0,0,0,0,0,,,,0,0,,,,,,,
Ceuta,2020-03-07,0,0,,,0,,,,,,,,,,,,
Ceuta,2020-03-08,0,0,,,0,,,,,,,,,,,,
Ceuta,2020-03-09,0,0,0,0,0,,,,0,0,,,,,,,
Ceuta,2020-03-10,0,0,0,0,0,,,,0,0,,,,,,,
Ceuta,2020-03-11,0,0,0,0,0,,,,0,0,,,,,,,
Ceuta,2020-03-12,0,0,0,0,0,,,,0,0,,,,,,,
Ceuta,2020-03-13,0,0,0,0,0,,,,0,0,,,,,,,
Ceuta,2020-03-14,0,0.39,0,0,0,,,,,0,,,,,,,
Ceuta,2020-03-15,1,0.79,0,0,1,,,,,0,,,,,,,
Ceuta,2020-03-16,1,1.18,0,0,0,,,,,0,,,,,,,
Ceuta,2020-03-17,1,1.18,0,0,0,,,,0,0,,,,,,,
Ceuta,2020-03-18,1,1.18,0,0,0,,,,0,0,,,,,,,
Ceuta,2020-03-19,1,1.18,0,0,0,,,,0,0,,,,,,,
Ceuta,2020-03-20,5,5.9,0,0,4,,,,0,0,,,,,,,
Ceuta,2020-03-21,5,5.9,0,0,0,,0,,0,0,,,,,,,
Ceuta,2020-03-22,5,5.9,0,0,0,,0,0,0,0,,,,,,,
Ceuta,2020-03-23,6,7.08,0,0,1,,0,0,0,0,0,,,,,,
Ceuta,2020-03-24,6,7.08,0,0,0,,0,0,0,0,0,0,,,,,
Ceuta,2020-03-25,9,10.66,1,0,3,,2,2,1,0,0,0,,,,,
Ceuta,2020-03-26,10,11.84,2,0,1,,2,0,1,0,0,0,,,,,
Ceuta,2020-03-27,17,20.05,2,0,7,,2,0,0,0,0,0,,,,,
Ceuta,2020-03-28,17,20.05,2,1,0,,2,0,0,1,0,0,,,,,
Ceuta,2020-03-29,21,23.59,2,1,4,,2,0,0,0,0,0,,,,,
Ceuta,2020-03-30,25,28.31,2,1,4,,2,0,0,0,0,0,,,,,
Ceuta,2020-03-31,34,38.93,3,1,9,,3,1,1,0,0,0,,,,,
Ceuta,2020-04-01,51,58.98,3,1,17,,6,3,0,0,0,0,,,,,
Ceuta,2020-04-02,55,63.7,3,1,4,,7,1,0,0,0,0,,,,,
Ceuta,2020-04-03,62,67.24,3,1,7,,8,1,0,0,2,2,,,,,
Ceuta,2020-04-04,73,80.21,4,1,11,,8,0,1,0,2,0,,,,,
Ceuta,2020-04-05,83,92.01,4,2,10,,9,1,0,1,2,0,,,,,
Ceuta,2020-04-06,83,90.83,4,3,0,,9,0,0,1,2,0,,,,,
Ceuta,2020-04-07,83,90.83,4,4,0,,9,0,0,1,2,0,,,,,
Ceuta,2020-04-08,84,88.47,4,4,1,,9,0,0,0,7,5,,,,,
Ceuta,2020-04-09,84,87.29,4,4,0,,9,0,0,0,7,0,,,,,
Ceuta,2020-04-10,91,87.29,4,4,7,,9,0,0,0,12,5,,,,,
Ceuta,2020-04-11,93,89.65,4,4,2,,9,0,0,0,17,5,,,,,
Ceuta,2020-04-12,93,84.93,4,4,0,,9,0,0,0,17,0,,,,,
Ceuta,2020-04-13,95,82.57,4,4,2,,9,0,0,0,20,3,,,,,
Ceuta,2020-04-14,96,73.13,4,4,1,,9,0,0,0,22,2,,,,,
Ceuta,2020-04-15,98,55.44,4,4,2,,9,0,0,0,30,8,,,,,
Ceuta,2020-04-16,100,53.08,4,4,2,,9,0,0,0,41,11,,,,98,2
Ceuta,2020-04-17,101,46,4,4,1,,9,0,0,0,44,3,,,,98,3
Ceuta,2020-04-18,108,46,4,4,7,,9,0,0,0,53,9,4,,112,101,7
Ceuta,2020-04-19,109,30.67,4,4,1,,9,0,0,0,59,6,4,,113,101,8
Ceuta,2020-04-20,111,33.03,4,4,2,,9,0,0,0,74,15,4,,115,101,10
Ceuta,2020-04-21,111,33.03,4,4,0,,9,0,0,0,73,-1,4,,115,101,10
Ceuta,2020-04-22,118,40.11,4,4,7,,9,0,0,0,76,3,6,,124,100,18
Ceuta,2020-04-23,118,40.11,4,4,0,,9,0,0,0,76,0,6,,124,100,18
Ceuta,2020-04-24,100,10.62,4,4,-18,,10,1,0,0,84,8,25,,125,,
Ceuta,2020-04-25,100,8.26,4,4,0,0,10,0,0,0,98,14,25,7,,,
Ceuta,2020-04-26,100,8.26,4,4,0,0,10,0,0,0,104,6,,,,,
Ceuta,2020-04-27,100,5.9,4,4,0,0,10,0,0,0,107,3,,,,,
Ceuta,2020-04-28,100,14.15,4,4,0,0,10,0,0,0,110,3,,,,,
Ceuta,2020-04-29,101,12.98,4,4,1,1,10,0,0,0,114,4,,,,,
Extremadura,2020-03-02,6,,,,,,,,,,,,,,,,
Extremadura,2020-03-03,6,0.56,,,0,,,,,,,,,,,,
Extremadura,2020-03-04,6,0.56,,,0,,,,,,,,,,,,
Extremadura,2020-03-05,6,0.56,0,0,0,,,,,,,,,,,,
Extremadura,2020-03-06,6,0.56,0,0,0,,,,0,0,,,,,,,
Extremadura,2020-03-07,6,1,,,0.33,,,,,,,,,,,,
Extremadura,2020-03-08,7,1,,,0.67,,,,,,,,,,,,
Extremadura,2020-03-09,7,0.66,0,0,1,,,,0,0,,,,,,,
Extremadura,2020-03-10,8,0.75,0,0,1,,,,0,0,,,,,,,
Extremadura,2020-03-11,9,0.84,1,0,1,,,,1,0,,,,,,,
Extremadura,2020-03-12,19,1.78,1,1,10,,,,0,1,,,,,,,
Extremadura,2020-03-13,39,3.65,1,1,20,,,,0,0,,,,,,,
Extremadura,2020-03-14,66,5.71,1,2,27,,,,,1,,,,,,,
Extremadura,2020-03-15,95,7.77,1,2,29,,,,,0,,,,,,,
Extremadura,2020-03-16,111,9.83,1,2,16,,,,,0,,,,,,,
Extremadura,2020-03-17,153,13.77,2,3,42,,,,1,1,,,,,,,
Extremadura,2020-03-18,194,17.61,3,6,41,,,,1,3,,,,,,,
Extremadura,2020-03-19,241,22.01,3,8,47,,,,0,2,,,,,,,
Extremadura,2020-03-20,297,27.25,4,10,56,,,,1,2,,,,,,,
Extremadura,2020-03-21,354,32.59,6,12,57,,65,,2,2,,,,,,,
Extremadura,2020-03-22,384,35.4,8,14,30,,87,22,2,2,,,,,,,
Extremadura,2020-03-23,493,45.52,13,18,109,,131,44,5,4,6,,,,,,
Extremadura,2020-03-24,636,58.82,20,26,143,,161,30,7,8,8,2,,,,,
Extremadura,2020-03-25,742,68.97,28,39,106,,209,48,8,13,8,0,,,,,
Extremadura,2020-03-26,969,89.39,34,58,227,,241,32,6,19,24,16,,,,,
Extremadura,2020-03-27,1231,111.64,41,69,262,,277,36,7,11,33,9,,,,,
Extremadura,2020-03-28,1394,124.38,40,88,163,,312,35,-1,19,49,16,,,,,
Extremadura,2020-03-29,1456,127.47,41,100,62,,313,1,1,12,51,2,,,,,
Extremadura,2020-03-30,1560,135.71,43,106,104,,353,40,2,6,60,9,,,,,
Extremadura,2020-03-31,1628,138.15,51,133,68,,371,18,8,27,91,31,,,,,
Extremadura,2020-04-01,1679,139.08,58,152,51,,372,1,7,19,113,22,,,,,
Extremadura,2020-04-02,1837,149.48,62,181,158,,412,40,4,29,139,26,,,,,
Extremadura,2020-04-03,1893,149.48,64,200,56,,415,3,2,19,164,25,,,,,
Extremadura,2020-04-04,1979,152.19,64,208,86,,453,38,0,8,205,41,,,,,
Extremadura,2020-04-05,2047,155.75,66,218,68,,417,-36,2,10,215,10,,,,,
Extremadura,2020-04-06,2068,147.51,66,228,21,,453,36,0,10,223,8,,,,,
Extremadura,2020-04-07,2116,138.61,70,258,48,,686,233,4,30,282,59,,,,,
Extremadura,2020-04-08,2184,135.06,98,271,68,,898,212,28,13,328,46,,,,,
Extremadura,2020-04-09,2273,122.13,99,283,89,,958,60,1,12,381,53,,,,,
Extremadura,2020-04-10,2332,103.12,101,288,59,,1003,45,2,5,397,16,,,,,
Extremadura,2020-04-11,2486,102.27,104,303,154,,1052,49,3,15,462,65,,,,,
Extremadura,2020-04-12,2580,105.27,106,312,94,,1074,22,2,9,481,19,,,,,
Extremadura,2020-04-13,2658,102.84,108,321,78,,1096,22,2,9,511,30,,,,,
Extremadura,2020-04-14,2684,98.9,108,334,26,,1114,18,0,13,578,67,,,,,
Extremadura,2020-04-15,2762,101.43,109,342,78,,1155,41,1,8,615,37,,,,,
Extremadura,2020-04-16,2881,97.78,110,359,119,,1186,31,1,17,649,34,,,,2581,300
Extremadura,2020-04-17,3019,105.46,110,372,138,,1212,26,0,13,707,58,,,,2656,363
Extremadura,2020-04-18,3081,105.46,112,380,62,,1240,28,2,8,736,29,50,,3131,2663,418
Extremadura,2020-04-19,3136,101.99,112,384,55,,1278,38,0,4,767,31,56,,3192,2673,463
Extremadura,2020-04-20,3186,104.71,112,389,50,,1306,28,0,5,858,91,57,,3243,2692,494
Extremadura,2020-04-21,3196,101.15,112,397,10,,1327,21,0,8,921,63,73,,3269,2692,478
Extremadura,2020-04-22,3230,97.97,112,404,34,,1349,22,0,7,1051,130,86,,3316,2692,465
Extremadura,2020-04-23,3260,92.44,113,407,30,,1375,26,1,3,1237,186,106,,3366,2715,545
Extremadura,2020-04-24,2718,36.15,108,411,-542,,1413,38,-5,4,1358,121,685,,3403,,
Extremadura,2020-04-25,2718,21.73,107,416,0,0,1447,34,-1,5,1510,152,740,210,,,
Extremadura,2020-04-26,2736,14.61,108,422,18,0.7,1480,33,1,6,1582,72,,,,,
Extremadura,2020-04-27,2749,8.52,108,428,13,0.5,1490,10,0,6,1652,70,,,,,
Extremadura,2020-04-28,2751,34.37,108,433,2,0.1,1505,15,0,5,1733,81,,,,,
Extremadura,2020-04-29,2764,28.28,108,440,13,0.5,1526,21,0,7,1797,64,,,,,
Galicia,2020-03-02,0,,,,,,,,,,,,,,,,
Galicia,2020-03-03,0,0,,,0,,,,,,,,,,,,
Galicia,2020-03-04,1,0.04,,,1,,,,,,,,,,,,
Galicia,2020-03-05,1,0.04,0,0,0,,,,,,,,,,,,
Galicia,2020-03-06,3,0.11,0,0,2,,,,0,0,,,,,,,
Galicia,2020-03-07,4,0,,,2.33,,,,,,,,,,,,
Galicia,2020-03-08,5,0,,,2.67,,,,,,,,,,,,
Galicia,2020-03-09,6,0.22,0,0,3,,,,0,0,,,,,,,
Galicia,2020-03-10,22,0.81,2,0,16,,,,2,0,,,,,,,
Galicia,2020-03-11,39,1.44,2,0,17,,,,0,0,,,,,,,
Galicia,2020-03-12,35,1.3,2,0,-4,,,,0,0,,,,,,,
Galicia,2020-03-13,85,3.15,2,0,50,,,,0,0,,,,,,,
Galicia,2020-03-14,115,5.13,4,0,30,,,,,0,,,,,,,
Galicia,2020-03-15,195,7.1,7,2,80,,,,,2,,,,,,,
Galicia,2020-03-16,245,9.08,9,2,50,,,,,0,,,,,,,
Galicia,2020-03-17,292,10.82,9,3,47,,,,0,1,,,,,,,
Galicia,2020-03-18,341,12.59,12,3,49,,,,3,0,,,,,,,
Galicia,2020-03-19,453,16.74,15,4,112,,,,3,1,,,,,,,
Galicia,2020-03-20,578,21.3,19,5,125,,,,4,1,,,,,,,
Galicia,2020-03-21,739,27.26,29,9,161,,168,,10,4,,,,,,,
Galicia,2020-03-22,915,33.71,35,12,176,,227,59,6,3,,,,,,,
Galicia,2020-03-23,1208,44.53,47,18,293,,270,43,12,6,19,,,,,,
Galicia,2020-03-24,1415,51.6,55,20,207,,338,68,8,2,19,0,,,,,
Galicia,2020-03-25,1653,59.95,69,27,238,,412,74,14,7,25,6,,,,,
Galicia,2020-03-26,1915,69.66,86,32,262,,503,91,17,5,47,22,,,,,
Galicia,2020-03-27,2322,82.87,98,43,407,,557,54,12,11,67,20,,,,,
Galicia,2020-03-28,2772,98.43,112,47,450,,906,349,14,4,95,28,,,,,
Galicia,2020-03-29,3139,109.06,123,60,367,,1043,137,11,13,153,58,,,,,
Galicia,2020-03-30,3723,128.84,134,66,584,,1147,104,11,6,168,15,,,,,
Galicia,2020-03-31,4039,138.8,149,84,316,,1250,103,15,18,187,19,,,,,
Galicia,2020-04-01,4432,151.55,158,103,393,,1338,88,9,19,259,72,,,,,
Galicia,2020-04-02,4842,162.59,165,120,410,,1447,109,7,17,333,74,,,,,
Galicia,2020-04-03,5219,171.92,178,138,377,,1630,183,13,18,435,102,,,,,
Galicia,2020-04-04,5625,181,178,159,406,,1767,137,0,21,531,96,,,,,
Galicia,2020-04-05,5944,186.29,170,174,319,,1831,64,-8,15,587,56,,,,,
Galicia,2020-04-06,6151,183.11,170,190,207,,1916,85,0,16,610,23,,,,,
Galicia,2020-04-07,6331,182.11,162,204,180,,1968,52,-8,14,688,78,,,,,
Galicia,2020-04-08,6538,180.96,158,213,207,,2014,46,-4,9,800,112,,,,,
Galicia,2020-04-09,6758,179.4,155,231,220,,2094,80,-3,18,910,110,,,,,
Galicia,2020-04-10,6946,171.29,151,243,188,,2165,71,-4,12,997,87,,,,,
Galicia,2020-04-11,7176,163.14,144,261,230,,2215,50,-7,18,1082,85,,,,,
Galicia,2020-04-12,7336,155.47,140,274,160,,2306,91,-4,13,1143,61,,,,,
Galicia,2020-04-13,7494,139.69,136,284,158,,2344,38,-4,10,1186,43,,,,,
Galicia,2020-04-14,7597,131.8,133,290,103,,2403,59,-3,6,1240,54,,,,,
Galicia,2020-04-15,7708,121.36,128,299,111,,2471,68,-5,9,1298,58,,,,,
Galicia,2020-04-16,7873,112.28,123,310,165,,2494,23,-5,11,1383,85,,,,,
Galicia,2020-04-17,8013,103.5,117,320,140,,2535,41,-6,10,1456,73,,,,,
Galicia,2020-04-18,8084,103.5,115,334,71,,2554,19,-2,14,0,-1456,,,8084,8084,
Galicia,2020-04-19,8185,83.02,112,346,101,,2590,36,-3,12,,,,,8185,8185,
Galicia,2020-04-20,8299,79.57,108,352,114,,2609,19,-4,6,1548,,,,8299,8299,0
Galicia,2020-04-21,8468,79.16,101,360,169,,2652,43,-7,8,1588,40,,,8468,8468,0
Galicia,2020-04-22,8634,77.64,96,368,166,,2674,22,-5,8,1625,37,,,8634,,
Galicia,2020-04-23,8805,75.83,92,375,171,,2694,20,-4,7,1676,51,0,,8805,0,0
Galicia,2020-04-24,8932,73.57,87,382,127,,2707,13,-5,7,1730,54,-0,,8932,,
Galicia,2020-04-25,9116,71.87,90,388,184,2.1,2722,15,3,6,1783,53,-0,-,,,
Galicia,2020-04-26,9176,68.16,85,394,60,0.7,2735,13,-5,6,1803,20,,,,,
Galicia,2020-04-27,9238,64.6,83,405,62,0.7,2746,11,-2,11,1816,13,,,,,
Galicia,2020-04-28,9328,64.12,73,412,90,1,2758,12,-10,7,1841,25,,,,,
Galicia,2020-04-29,9466,65.12,308,547,138,1.5,2736,-22,235,135,5393,3552,,,,,
LaRioja,2020-03-02,1,,,,,,,,,,,,,,,,
LaRioja,2020-03-03,3,0.95,,,2,,,,,,,,,,,,
LaRioja,2020-03-04,7,2.21,,,4,,,,,,,,,,,,
LaRioja,2020-03-05,11,3.47,0,0,4,,,,,,,,,,,,
LaRioja,2020-03-06,29,9.15,0,0,18,,,,0,0,,,,,,,
LaRioja,2020-03-07,46,15,,,29.33,,,,,,,,,,,,
LaRioja,2020-03-08,64,20,,,40.67,,,,,,,,,,,,
LaRioja,2020-03-09,81,25.57,1,0,52,,,,1,0,,,,,,,
LaRioja,2020-03-10,144,45.45,1,1,63,,,,0,1,,,,,,,
LaRioja,2020-03-11,179,56.5,1,2,35,,,,0,1,,,,,,,
LaRioja,2020-03-12,205,64.71,1,2,26,,,,0,0,,,,,,,
LaRioja,2020-03-13,243,76.71,2,2,38,,,,1,0,,,,,,,
LaRioja,2020-03-14,278,83.86,6,3,35,,,,,1,,,,,,,
LaRioja,2020-03-15,300,91.02,9,3,22,,,,,0,,,,,,,
LaRioja,2020-03-16,312,98.17,13,4,12,,,,,1,,,,,,,
LaRioja,2020-03-17,355,111.11,13,5,43,,,,0,1,,,,,,,
LaRioja,2020-03-18,419,130.05,13,5,64,,,,0,0,,,,,,,
LaRioja,2020-03-19,468,144.26,15,5,49,,,,2,0,,,,,,,
LaRioja,2020-03-20,497,147.73,15,7,29,,,,0,2,,,,,,,
LaRioja,2020-03-21,564,165.72,17,15,67,,128,,2,8,,,,,,,
LaRioja,2020-03-22,654,189.08,17,18,90,,134,6,0,3,,,,,,,
LaRioja,2020-03-23,747,210.23,22,22,93,,166,32,5,4,18,,,,,,
LaRioja,2020-03-24,802,207.7,24,30,55,,206,40,2,8,24,6,,,,,
LaRioja,2020-03-25,928,238.17,33,37,126,,254,48,9,7,43,19,,,,,
LaRioja,2020-03-26,995,251.2,36,43,67,,316,62,3,6,48,5,,,,,
LaRioja,2020-03-27,1236,313.45,43,55,241,,388,72,7,12,62,14,,,,,
LaRioja,2020-03-28,1436,365.53,43,65,200,,458,70,0,10,364,302,,,,,
LaRioja,2020-03-29,1629,419.51,43,68,193,,497,39,0,3,397,33,,,,,
LaRioja,2020-03-30,1733,448.55,43,71,104,,517,20,0,3,431,34,,,,,
LaRioja,2020-03-31,1810,459.28,51,85,77,,575,58,8,14,496,65,,,,,
LaRioja,2020-04-01,1960,486.43,54,90,150,,619,44,3,5,569,73,,,,,
LaRioja,2020-04-02,2083,509.79,57,101,123,,660,41,3,11,641,72,,,,,
LaRioja,2020-04-03,2224,545.14,64,109,141,,738,78,7,8,745,104,,,,,
LaRioja,2020-04-04,2405,581.13,64,128,181,,805,67,0,19,843,98,,,,,
LaRioja,2020-04-05,2592,611.75,66,134,187,,855,50,2,6,904,61,,,,,
LaRioja,2020-04-06,2719,622.48,66,141,127,,888,33,0,7,964,60,,,,,
LaRioja,2020-04-07,2846,645.21,66,160,127,,918,30,0,19,994,30,,,,,
LaRioja,2020-04-08,2951,638.58,68,177,105,,955,37,2,17,1061,67,,,,,
LaRioja,2020-04-09,3026,641.1,69,182,75,,997,42,1,5,1172,111,,,,,
LaRioja,2020-04-10,3076,580.81,71,196,50,,1047,50,2,14,1256,84,,,,,
LaRioja,2020-04-11,3223,564.08,73,207,147,,1082,35,2,11,1337,81,,,,,
LaRioja,2020-04-12,3279,520.84,73,219,56,,1122,40,0,12,1420,83,,,,,
LaRioja,2020-04-13,3358,512.95,73,223,79,,1141,19,0,4,1458,38,,,,,
LaRioja,2020-04-14,3420,508.21,74,234,62,,1152,11,1,11,1519,61,,,,,
LaRioja,2020-04-15,3457,472.54,75,246,37,,1182,30,1,12,1585,66,,,,,
LaRioja,2020-04-16,3778,532,,,339,,,,,,,,,,,,
LaRioja,2020-04-17,4098,592,,,641,,,,,,,,,,,,
LaRioja,2020-04-17,4098,591.54,76,262,641,,1226,44,1,16,1729,144,,,,3547,551
LaRioja,2020-04-18,3648,591.54,78,272,-450,,1249,23,2,10,1777,48,602,,4250,3583,65
LaRioja,2020-04-19,3705,351.33,79,277,57,,1268,19,1,5,1816,39,625,,4330,3636,69
LaRioja,2020-04-20,3734,320.39,79,285,29,,1282,14,0,8,1833,17,637,,4371,3664,70
LaRioja,2020-04-21,3763,289.46,81,294,29,,1297,15,2,9,1866,33,720,,4483,3684,79
LaRioja,2020-04-22,3792,265.47,81,298,29,,1318,21,0,4,1899,33,794,,4586,3704,88
LaRioja,2020-04-23,3839,256.63,82,303,47,,1331,13,1,5,1937,38,888,,4727,3741,98
LaRioja,2020-04-24,3790,225.38,82,307,-49,,1344,13,0,4,1964,27,1075,,4865,,
LaRioja,2020-04-25,3821,188.76,83,311,31,0.8,1360,16,1,4,1999,35,1125,1013,,,
LaRioja,2020-04-26,3861,183.71,84,315,40,1,1380,20,1,4,2037,38,,,,,
LaRioja,2020-04-27,3892,168.56,85,320,31,0.8,1392,12,1,5,2049,12,,,,,
LaRioja,2020-04-28,3897,150.57,87,326,5,0.1,1400,8,2,6,2064,15,,,,,
LaRioja,2020-04-29,3910,142.99,87,330,13,0.3,1413,13,0,4,2091,27,,,,,
Madrid,2020-03-02,29,,,,,,,,,,,,,,,,
Madrid,2020-03-03,49,0.74,,,20,,,,,,,,,,,,
Madrid,2020-03-04,70,1.05,2,,21,,,,,,,,,,,,
Madrid,2020-03-05,90,1.35,2,1,20,,,,0,,,,,,,,
Madrid,2020-03-06,137,2.06,2,2,47,,,,0,1,,,,,,,
Madrid,2020-03-07,248,4,,,142,,,,,,,,,,,,
Madrid,2020-03-08,358,5,,,237,,,,,,,,,,,,
Madrid,2020-03-09,469,7.04,53,8,332,,,,51,6,,,,,,,
Madrid,2020-03-10,782,11.74,77,21,313,,,,24,13,,,,,,,
Madrid,2020-03-11,1024,15.34,102,31,242,,,,25,10,,,,,,,
Madrid,2020-03-12,1388,20.77,135,56,364,,,,33,25,,,,,,,
Madrid,2020-03-13,1990,29.79,180,81,602,,,,45,25,,,,,,,
Madrid,2020-03-14,2940,40.55,204,86,950,,,,,5,,,,,,,
Madrid,2020-03-15,3544,51.31,229,213,604,,,,,127,,,,,,,
Madrid,2020-03-16,4165,62.07,253,213,621,,,,,0,,,,,,,
Madrid,2020-03-17,4871,72.37,340,355,706,,,,87,142,,,,,,,
Madrid,2020-03-18,5637,83.55,491,390,766,,,,151,35,,,,,,,
Madrid,2020-03-19,6777,100.35,590,498,1140,,,,99,108,,,,,,,
Madrid,2020-03-20,7165,105.47,678,628,388,,,,88,130,,,,,,,
Madrid,2020-03-21,8921,131.82,767,804,1756,,7388,,89,176,,,,,,,
Madrid,2020-03-22,9702,142.98,834,1021,781,,8441,1053,67,217,,,,,,,
Madrid,2020-03-23,10575,151.66,942,1263,873,,9561,1120,108,242,2063,,,,,,
Madrid,2020-03-24,12352,173.64,1050,1535,1777,,10443,882,108,272,2291,228,,,,,
Madrid,2020-03-25,14597,203.02,1150,1825,2245,,11153,710,100,290,3031,740,,,,,
Madrid,2020-03-26,17166,236,1221,2090,2569,,12440,1287,71,265,3882,851,,,,,
Madrid,2020-03-27,19243,258.92,1312,2412,2077,,13580,1140,91,322,5044,1162,,,,,
Madrid,2020-03-28,21520,278.84,1404,2757,2277,,14211,631,92,345,6326,1282,,,,,
Madrid,2020-03-29,22677,287.14,1429,3082,1157,,14454,243,25,325,7491,1165,,,,,
Madrid,2020-03-30,24090,299.02,1460,3392,1413,,14917,463,31,310,8301,810,,,,,
Madrid,2020-03-31,27509,339.74,1514,3603,3419,,15140,223,54,211,9330,1029,,,,,
Madrid,2020-04-01,29840,363.22,1514,3865,2331,,15227,87,0,262,10827,1497,,,,,
Madrid,2020-04-02,32155,380.86,1528,4175,2315,,15227,0,14,310,12400,1573,,,,,
Madrid,2020-04-03,34188,405.54,1506,4483,2033,,15050,-177,-22,308,13850,1450,,,,,
Madrid,2020-04-04,36249,410.12,1498,4723,2061,,14741,-309,-8,240,15362,1512,,,,,
Madrid,2020-04-05,37584,418.44,1499,4941,1335,,14551,-190,1,218,16543,1181,,,,,
Madrid,2020-04-06,38723,422.43,1510,5136,1139,,14501,-50,11,195,17322,779,,,,,
Madrid,2020-04-07,40469,421.96,1494,5371,1746,,13950,-551,-16,235,18410,1088,,,,,
Madrid,2020-04-08,42450,418,1450,5586,1981,,13289,-661,-44,215,19836,1426,,,,,
Madrid,2020-04-09,43877,400.86,1433,5800,1427,,12853,-436,-17,214,21121,1285,,,,,
Madrid,2020-04-10,44783,383.29,1399,5972,906,,12432,-421,-34,172,22414,1293,,,,,
Madrid,2020-04-11,45849,365.11,1376,6084,1066,,11894,-538,-23,112,23663,1249,,,,,
Madrid,2020-04-12,46587,358.83,1332,6278,738,,11424,-470,-44,194,24683,1020,,,,,
Madrid,2020-04-13,47146,346.01,1327,6423,559,,11233,-191,-5,145,25385,702,,,,,
Madrid,2020-04-14,48048,308.24,1299,6568,902,,10753,-480,-28,145,26247,862,,,,,
Madrid,2020-04-15,49526,295.44,1244,6724,1478,,10116,-637,-55,156,27433,1186,,,,,
Madrid,2020-04-16,50694,278.22,1206,6877,1168,,9653,-463,-38,153,28491,1058,,,,,
Madrid,2020-04-17,51993,267.21,1154,7007,1299,,9141,-512,-52,130,29436,945,,,,,
Madrid,2020-04-18,52946,267.21,1094,7132,953,,8597,-544,-60,125,30475,1039,,,52946,52946,
Madrid,2020-04-19,54884,259.63,1123,7239,1938,,8291,-306,29,107,31313,838,1261,,56145,53670,1214
Madrid,2020-04-20,56963,252.95,1111,7351,2079,,8191,-100,-12,112,31762,449,,,56963,54300,2663
Madrid,2020-04-21,57997,263.05,1076,7460,1034,,7930,-261,-35,109,32277,515,,,57997,55325,2672
Madrid,2020-04-22,59199,251.36,1024,7577,1202,,7464,-466,-52,117,33032,755,,,59199,56245,2954
Madrid,2020-04-23,60487,249.27,981,7684,1288,,7077,-387,-43,107,33645,613,0,,60487,57094,3393
Madrid,2020-04-24,58191,201.22,949,7765,-2296,,6601,-476,-32,81,34212,567,3535,,61726,,
Madrid,2020-04-25,58819,194.65,892,7848,628,1.1,6183,-418,-57,83,34902,690,3691,0,,,
Madrid,2020-04-26,59126,188.18,873,7922,307,0.5,5892,-291,-19,74,35367,465,,,,,
Madrid,2020-04-27,59421,184.22,3309,7986,295,0.5,39472,33580,2436,64,35565,198,,,,,
Madrid,2020-04-28,59784,176.13,3338,8048,363,0.6,39634,162,29,62,35841,276,,,,,
Madrid,2020-04-29,60765,168.67,3355,8105,981,1.6,39850,216,17,57,36314,473,,,,,
Melilla,2020-03-02,0,,,,,,,,,,,,,,,,
Melilla,2020-03-03,0,0,,,0,,,,,,,,,,,,
Melilla,2020-03-04,0,0,,,0,,,,,,,,,,,,
Melilla,2020-03-05,0,0,0,0,0,,,,,,,,,,,,
Melilla,2020-03-06,0,0,0,0,0,,,,0,0,,,,,,,
Melilla,2020-03-07,0,0,,,0,,,,,,,,,,,,
Melilla,2020-03-08,0,0,,,0,,,,,,,,,,,,
Melilla,2020-03-09,0,0,0,0,0,,,,0,0,,,,,,,
Melilla,2020-03-10,0,0,0,0,0,,,,0,0,,,,,,,
Melilla,2020-03-11,0,0,0,0,0,,,,0,0,,,,,,,
Melilla,2020-03-12,0,0,0,0,0,,,,0,0,,,,,,,
Melilla,2020-03-13,2,2.31,0,0,2,,,,0,0,,,,,,,
Melilla,2020-03-14,3,4.62,0,0,1,,,,,0,,,,,,,
Melilla,2020-03-15,8,6.94,0,0,5,,,,,0,,,,,,,
Melilla,2020-03-16,8,9.25,0,0,0,,,,,0,,,,,,,
Melilla,2020-03-17,17,19.66,0,0,9,,,,0,0,,,,,,,
Melilla,2020-03-18,20,23.12,0,0,3,,,,0,0,,,,,,,
Melilla,2020-03-19,23,26.59,0,0,3,,,,0,0,,,,,,,
Melilla,2020-03-20,24,27.75,1,0,1,,,,1,0,,,,,,,
Melilla,2020-03-21,25,28.91,1,0,1,,8,,0,0,,,,,,,
Melilla,2020-03-22,25,28.91,1,0,0,,12,4,0,0,,,,,,,
Melilla,2020-03-23,28,32.37,1,0,3,,12,0,0,0,0,,,,,,
Melilla,2020-03-24,28,32.37,1,0,0,,12,0,0,0,0,0,,,,,
Melilla,2020-03-25,38,45.08,2,0,10,,14,2,1,0,0,0,,,,,
Melilla,2020-03-26,39,46.27,2,1,1,,16,2,0,1,0,0,,,,,
Melilla,2020-03-27,42,46.25,2,1,3,,18,2,0,0,0,0,,,,,
Melilla,2020-03-28,45,48.56,2,1,3,,22,4,0,0,0,0,,,,,
Melilla,2020-03-29,48,46.25,2,1,3,,24,2,0,0,0,0,,,,,
Melilla,2020-03-30,51,49.72,3,1,3,,27,3,1,0,0,0,,,,,
Melilla,2020-03-31,54,42.78,3,1,3,,27,0,0,0,0,0,,,,,
Melilla,2020-04-01,62,48.56,3,1,8,,32,5,0,0,0,0,,,,,
Melilla,2020-04-02,62,45.09,3,1,0,,32,0,0,0,0,0,,,,,
Melilla,2020-04-03,70,53.19,3,2,8,,34,2,0,1,4,4,,,,,
Melilla,2020-04-04,79,62.44,3,2,9,,37,3,0,0,9,5,,,,,
Melilla,2020-04-05,83,67.06,3,2,4,,38,1,0,0,11,2,,,,,
Melilla,2020-04-06,86,67.06,3,2,3,,38,0,0,0,11,0,,,,,
Melilla,2020-04-07,92,74,3,2,6,,40,2,0,0,11,0,,,,,
Melilla,2020-04-08,93,63.59,3,2,1,,40,0,0,0,12,1,,,,,
Melilla,2020-04-09,93,62.44,3,2,0,,40,0,0,0,16,4,,,,,
Melilla,2020-04-10,95,61.28,3,2,2,,41,1,0,0,17,1,,,,,
Melilla,2020-04-11,98,61.28,3,2,3,,43,2,0,0,18,1,,,,,
Melilla,2020-04-12,98,57.81,3,2,0,,43,0,0,0,18,0,,,,,
Melilla,2020-04-13,101,57.81,3,2,3,,43,0,0,0,18,0,,,,,
Melilla,2020-04-14,101,54.34,3,2,0,,43,0,0,0,18,0,,,,,
Melilla,2020-04-15,102,46.25,3,2,1,,43,0,0,0,24,6,,,,,
Melilla,2020-04-16,103,47.41,3,2,1,,43,0,0,0,27,3,,,,103,
Melilla,2020-04-17,104,39.31,3,2,1,,44,1,0,0,30,3,,,,,
Melilla,2020-04-18,104,39.31,3,2,0,,44,0,0,0,30,0,,,104,104,
Melilla,2020-04-19,104,24.28,3,2,0,,44,0,0,0,44,14,3,,107,104,
Melilla,2020-04-20,104,20.81,3,2,0,,44,0,0,0,46,2,5,,109,104,0
Melilla,2020-04-21,105,15.03,3,2,1,,44,0,0,0,46,0,5,,110,105,0
Melilla,2020-04-22,105,13.87,3,2,0,,44,0,0,0,50,4,6,,111,105,0
Melilla,2020-04-23,106,15.03,3,2,1,,44,0,0,0,55,5,7,,113,106,0
Melilla,2020-04-24,107,13.87,3,2,1,,44,0,0,0,61,6,9,,116,,
Melilla,2020-04-25,108,11.56,3,2,1,0.9,44,0,0,0,77,16,10,10,,,
Melilla,2020-04-26,110,13.87,3,2,2,1.9,44,0,0,0,81,4,,,,,
Melilla,2020-04-27,110,10.41,3,2,0,0,44,0,0,0,87,6,,,,,
Melilla,2020-04-28,114,15.03,3,2,4,3.6,44,0,0,0,92,5,,,,,
Melilla,2020-04-29,114,13.87,3,2,0,0,44,0,0,0,95,3,,,,,
Murcia,2020-03-02,0,,,,,,,,,,,,,,,,
Murcia,2020-03-03,0,0,,,0,,,,,,,,,,,,
Murcia,2020-03-04,0,0,,,0,,,,,,,,,,,,
Murcia,2020-03-05,0,0,0,0,0,,,,,,,,,,,,
Murcia,2020-03-06,0,0,0,0,0,,,,0,0,,,,,,,
Murcia,2020-03-07,1,0,,,1.33,,,,,,,,,,,,
Murcia,2020-03-08,3,0,,,2.67,,,,,,,,,,,,
Murcia,2020-03-09,4,0.27,0,0,4,,,,0,0,,,,,,,
Murcia,2020-03-10,9,0.6,0,0,5,,,,0,0,,,,,,,
Murcia,2020-03-11,11,0.74,0,0,2,,,,0,0,,,,,,,
Murcia,2020-03-12,26,1.74,1,0,15,,,,1,0,,,,,,,
Murcia,2020-03-13,35,2.34,1,0,9,,,,0,0,,,,,,,
Murcia,2020-03-14,47,3.28,1,0,12,,,,,0,,,,,,,
Murcia,2020-03-15,71,4.21,2,0,24,,,,,0,,,,,,,
Murcia,2020-03-16,77,5.15,2,0,6,,,,,0,,,,,,,
Murcia,2020-03-17,97,6.49,3,0,20,,,,1,0,,,,,,,
Murcia,2020-03-18,122,8.17,4,0,25,,,,1,0,,,,,,,
Murcia,2020-03-19,167,11.18,6,0,45,,,,2,0,,,,,,,
Murcia,2020-03-20,204,13.66,11,0,37,,,,5,0,,,,,,,
Murcia,2020-03-21,240,16.07,14,1,36,,61,,3,1,,,,,,,
Murcia,2020-03-22,296,19.75,16,1,56,,78,17,2,0,,,,,,,
Murcia,2020-03-23,345,22.83,23,2,49,,80,2,7,1,1,,,,,,
Murcia,2020-03-24,385,25.17,26,3,40,,99,19,3,1,1,0,,,,,
Murcia,2020-03-25,477,31.18,33,5,92,,127,28,7,2,4,3,,,,,
Murcia,2020-03-26,596,38.14,36,8,119,,172,45,3,3,9,5,,,,,
Murcia,2020-03-27,714,45.45,53,15,118,,209,37,17,7,12,3,,,,,
Murcia,2020-03-28,802,50.54,58,17,88,,231,22,5,2,12,0,,,,,
Murcia,2020-03-29,872,53.62,58,20,70,,260,29,0,3,16,4,,,,,
Murcia,2020-03-30,939,57.7,58,25,67,,265,5,0,5,17,1,,,,,
Murcia,2020-03-31,974,58.71,59,34,35,,283,18,1,9,20,3,,,,,
Murcia,2020-04-01,1041,61.52,59,37,67,,304,21,0,3,43,23,,,,,
Murcia,2020-04-02,1084,61.38,68,42,43,,389,85,9,5,45,2,,,,,
Murcia,2020-04-03,1145,62.99,72,46,61,,405,16,4,4,90,45,,,,,
Murcia,2020-04-04,1188,63.46,79,51,43,,434,29,7,5,113,23,,,,,
Murcia,2020-04-05,1235,62.86,80,59,47,,447,13,1,8,130,17,,,,,
Murcia,2020-04-06,1259,61.18,81,68,24,,468,21,1,9,156,26,,,,,
Murcia,2020-04-07,1283,60.11,84,78,24,,500,32,3,10,193,37,,,,,
Murcia,2020-04-08,1326,56.83,86,85,43,,515,15,2,7,203,10,,,,,
Murcia,2020-04-09,1356,50.87,87,88,30,,533,18,1,3,219,16,,,,,
Murcia,2020-04-10,1383,44.78,88,90,27,,533,0,1,2,255,36,,,,,
Murcia,2020-04-11,1413,40.9,88,94,30,,533,0,0,4,275,20,,,,,
Murcia,2020-04-12,1449,38.62,91,97,36,,537,4,3,3,344,69,,,,,
Murcia,2020-04-13,1463,35.08,94,101,14,,543,6,3,4,353,9,,,,,
Murcia,2020-04-14,1487,34.34,96,106,24,,566,23,2,5,476,123,,,,,
Murcia,2020-04-15,1520,32.06,97,109,33,,574,8,1,3,513,37,,,,,
Murcia,2020-04-16,1598,34.41,97,111,78,,575,1,0,2,516,3,,,,1424,174
Murcia,2020-04-17,1625,32.13,99,112,27,,585,10,2,1,545,29,,,,1423,202
Murcia,2020-04-18,1638,32.13,102,115,13,,611,26,3,3,638,93,9,,1647,1430,208
Murcia,2020-04-19,1644,27.38,102,116,6,,612,1,0,1,652,14,9,,1653,1438,206
Murcia,2020-04-20,1646,25.91,103,117,2,,612,0,1,1,662,10,13,,1659,1440,206
Murcia,2020-04-21,1681,26.64,104,120,35,,614,2,1,3,702,40,15,,1696,1445,236
Murcia,2020-04-22,1695,24.7,104,123,14,,622,8,0,3,761,59,22,,1717,1455,240
Murcia,2020-04-23,1721,24.43,104,124,26,,624,2,0,1,766,5,0,,1721,1460,261
Murcia,2020-04-24,1468,5.69,105,125,-253,,625,1,1,1,791,25,273,,1741,,
Murcia,2020-04-25,1468,3.68,105,126,0,0,625,0,0,1,842,51,288,22,,,
Murcia,2020-04-26,1474,1.67,106,127,6,0.4,627,2,1,1,920,78,,,,,
Murcia,2020-04-27,1474,0.74,106,128,0,0,627,0,0,1,990,70,,,,,
Murcia,2020-04-28,1475,10.91,106,130,1,0.1,629,2,0,2,1113,123,,,,,
Murcia,2020-04-29,1480,9.04,106,130,5,0.3,635,6,0,0,1153,40,,,,,
Navarra,2020-03-02,1,,,,,,,,,,,,,,,,
Navarra,2020-03-03,1,0.15,,,0,,,,,,,,,,,,
Navarra,2020-03-04,3,0.46,1,,2,,,,,,,,,,,,
Navarra,2020-03-05,3,0.46,1,0,0,,,,0,,,,,,,,
Navarra,2020-03-06,3,0.46,1,0,0,,,,0,0,,,,,,,
Navarra,2020-03-07,3,0,,,0,,,,,,,,,,,,
Navarra,2020-03-08,3,0,,,0,,,,,,,,,,,,
Navarra,2020-03-09,3,0.46,1,0,0,,,,0,0,,,,,,,
Navarra,2020-03-10,12,1.83,2,0,9,,,,1,0,,,,,,,
Navarra,2020-03-11,46,7.03,3,0,34,,,,1,0,,,,,,,
Navarra,2020-03-12,73,11.16,3,0,27,,,,0,0,,,,,,,
Navarra,2020-03-13,130,19.87,4,0,57,,,,1,0,,,,,,,
Navarra,2020-03-14,146,27.16,4,0,16,,,,,0,,,,,,,
Navarra,2020-03-15,183,34.44,5,0,37,,,,,0,,,,,,,
Navarra,2020-03-16,274,41.73,5,1,91,,,,,1,,,,,,,
Navarra,2020-03-17,313,47.69,10,2,39,,,,5,1,,,,,,,
Navarra,2020-03-18,386,58.54,10,3,73,,,,0,1,,,,,,,
Navarra,2020-03-19,482,73.22,11,4,96,,,,1,1,,,,,,,
Navarra,2020-03-20,554,84.22,19,5,72,,,,8,1,,,,,,,
Navarra,2020-03-21,664,101.04,25,9,110,,222,,6,4,,,,,,,
Navarra,2020-03-22,794,120.91,30,14,130,,288,66,5,5,,,,,,,
Navarra,2020-03-23,886,134.97,40,24,92,,339,51,10,10,7,,,,,,
Navarra,2020-03-24,1014,153.16,45,31,128,,405,66,5,7,11,4,,,,,
Navarra,2020-03-25,1197,176.39,51,33,183,,506,101,6,2,23,12,,,,,
Navarra,2020-03-26,1411,205.05,54,49,214,,649,143,3,16,35,12,,,,,
Navarra,2020-03-27,1641,230.96,75,58,230,,732,83,21,9,70,35,,,,,
Navarra,2020-03-28,1829,257.26,84,70,188,,827,95,9,12,98,28,,,,,
Navarra,2020-03-29,2011,279.42,90,84,182,,896,69,6,14,125,27,,,,,
Navarra,2020-03-30,2146,286.14,96,102,135,,955,59,6,18,161,36,,,,,
Navarra,2020-03-31,2305,304.49,99,113,159,,1035,80,3,11,192,31,,,,,
Navarra,2020-04-01,2497,322.68,104,130,192,,1120,85,5,17,236,44,,,,,
Navarra,2020-04-02,2682,336.28,108,141,185,,1181,61,4,11,278,42,,,,,
Navarra,2020-04-03,2836,348.82,119,151,154,,1284,103,11,10,294,16,,,,,
Navarra,2020-04-04,2972,352.79,120,171,136,,1341,57,1,20,311,17,,,,,
Navarra,2020-04-05,3073,348.36,123,178,101,,1399,58,3,7,334,23,,,,,
Navarra,2020-04-06,3231,358.45,124,187,158,,1432,33,1,9,380,46,,,,,
Navarra,2020-04-07,3355,357.83,124,202,124,,1488,56,0,15,421,41,,,,,
Navarra,2020-04-08,3467,346.98,124,206,112,,1526,38,0,4,450,29,,,,,
Navarra,2020-04-09,3575,330.78,124,214,108,,1526,0,0,8,462,12,,,,,
Navarra,2020-04-10,3748,322.07,124,218,173,,1620,94,0,4,560,98,,,,,
Navarra,2020-04-11,3817,303.88,124,227,69,,1641,21,0,9,603,43,,,,,
Navarra,2020-04-12,3969,299.29,124,232,152,,1663,22,0,5,650,47,,,,,
Navarra,2020-04-13,4092,297.46,124,239,123,,1693,30,0,7,695,45,,,,,
Navarra,2020-04-14,4150,282.02,124,249,58,,1705,12,0,10,730,35,,,,,
Navarra,2020-04-15,4246,267.34,124,252,96,,1731,26,0,3,808,78,,,,,
Navarra,2020-04-16,4348,254.66,124,261,102,,1752,21,0,9,845,37,,,,,
Navarra,2020-04-17,4433,244.11,124,338,85,,1781,29,0,77,892,47,,,,,
Navarra,2020-04-18,4556,244.11,127,354,123,,1829,48,3,16,954,62,23,,4579,4349,207
Navarra,2020-04-19,4621,236.62,127,369,65,,1843,14,0,15,992,38,35,,4656,4413,208
Navarra,2020-04-20,4697,224.09,128,385,76,,1856,13,1,16,1123,131,38,,4735,4449,248
Navarra,2020-04-21,4781,217.97,128,397,84,,1877,21,0,12,1190,67,50,,4831,4475,306
Navarra,2020-04-22,4899,218.89,128,401,118,,1894,17,0,4,1316,126,59,,4958,4531,368
Navarra,2020-04-23,4994,216.9,129,409,95,,1907,13,1,8,1445,129,69,,5063,4577,417
Navarra,2020-04-24,4581,127.33,129,417,-413,,1915,8,0,8,1552,107,599,,5180,,
Navarra,2020-04-25,4627,123.81,129,429,46,1,1937,22,0,12,1737,185,647,104,,,
Navarra,2020-04-26,4712,113.57,129,431,85,1.8,1942,5,0,2,1835,98,,,,,
Navarra,2020-04-27,4733,97.98,130,432,21,0.4,1942,0,1,1,1918,83,,,,,
Navarra,2020-04-28,4759,93.09,130,432,26,0.5,1945,3,0,0,1978,60,,,,,
Navarra,2020-04-29,4794,115.41,130,448,35,0.7,1951,6,0,16,2082,104,,,,,
PaísVasco,2020-03-02,9,,,,,,,,,,,,,,,,
PaísVasco,2020-03-03,13,0.59,,,4,,,,,,,,,,,,
PaísVasco,2020-03-04,17,0.77,,,4,,,,,,,,,,,,
PaísVasco,2020-03-05,17,0.77,0,1,0,,,,,,,,,,,,
PaísVasco,2020-03-06,45,2.04,1,1,28,,,,1,0,,,,,,,
PaísVasco,2020-03-07,80,4,,,53.33,,,,,,,,,,,,
PaísVasco,2020-03-08,114,5,,,78.67,,,,,,,,,,,,
PaísVasco,2020-03-09,149,6.75,5,5,104,,,,4,4,,,,,,,
PaísVasco,2020-03-10,195,8.83,5,6,46,,,,0,1,,,,,,,
PaísVasco,2020-03-11,225,10.19,15,6,30,,,,10,0,,,,,,,
PaísVasco,2020-03-12,346,15.67,18,11,121,,,,3,5,,,,,,,
PaísVasco,2020-03-13,417,18.89,20,14,71,,,,2,3,,,,,,,
PaísVasco,2020-03-14,417,21.97,23,14,0,,,,,0,,,,,,,
PaísVasco,2020-03-15,630,25.05,26,23,213,,,,,9,,,,,,,
PaísVasco,2020-03-16,630,28.13,29,23,0,,,,,0,,,,,,,
PaísVasco,2020-03-17,765,34.06,33,36,135,,,,4,13,,,,,,,
PaísVasco,2020-03-18,973,43.3,37,40,208,,,,4,4,,,,,,,
PaísVasco,2020-03-19,1190,53.13,44,53,217,,,,7,13,,,,,,,
PaísVasco,2020-03-20,1465,64.32,53,71,275,,,,9,18,,,,,,,
PaísVasco,2020-03-21,1725,76.09,71,85,260,,654,,18,14,,,,,,,
PaísVasco,2020-03-22,2097,91.81,81,97,372,,988,334,10,12,,,,,,,
PaísVasco,2020-03-23,2421,102.91,92,120,324,,1252,264,11,23,283,,,,,,
PaísVasco,2020-03-24,2728,114.73,106,133,307,,1425,173,14,13,344,61,,,,,
PaísVasco,2020-03-25,3271,139.6,119,155,543,,1577,152,13,22,466,122,,,,,
PaísVasco,2020-03-26,3946,164.99,137,180,675,,1907,330,18,25,621,155,,,,,
PaísVasco,2020-03-27,4601,189.51,154,207,655,,2270,363,17,27,814,193,,,,,
PaísVasco,2020-03-28,5136,209.03,176,221,535,,2612,342,22,14,1023,209,,,,,
PaísVasco,2020-03-29,5740,231.45,271,265,604,,3106,494,95,44,1503,480,,,,,
PaísVasco,2020-03-30,6057,245.81,293,297,317,,3427,321,22,32,1646,143,,,,,
PaísVasco,2020-03-31,6320,251.61,307,325,263,,3594,167,14,28,1796,150,,,,,
PaísVasco,2020-04-01,6838,265.65,324,369,518,,3806,212,17,44,2165,369,,,,,
PaísVasco,2020-04-02,7317,277.52,344,412,479,,4087,281,20,43,2490,325,,,,,
PaísVasco,2020-04-03,7827,288.16,363,444,510,,4283,196,19,32,2809,319,,,,,
PaísVasco,2020-04-04,8187,292.69,377,477,360,,4522,239,14,33,3098,289,,,,,
PaísVasco,2020-04-05,8628,295.82,404,515,441,,4666,144,27,38,3405,307,,,,,
PaísVasco,2020-04-06,8810,289.39,410,548,182,,4794,128,6,33,3568,163,,,,,
PaísVasco,2020-04-07,9021,285.04,417,586,211,,4856,62,7,38,3728,160,,,,,
PaísVasco,2020-04-08,9452,279.96,430,635,431,,4982,126,13,49,4151,423,,,,,
PaísVasco,2020-04-09,9806,265.43,433,689,354,,5130,148,3,54,4514,363,,,,,
PaísVasco,2020-04-10,10103,249.21,442,729,297,,5290,160,9,40,4680,166,,,,,
PaísVasco,2020-04-11,10515,243.64,453,765,412,,5402,112,11,36,4741,61,,,,,
PaísVasco,2020-04-12,10772,227.92,459,804,257,,5547,145,6,39,4867,126,,,,,
PaísVasco,2020-04-13,11018,224.71,464,831,246,,5622,75,5,27,5026,159,,,,,
PaísVasco,2020-04-14,11226,222.21,470,859,208,,5679,57,6,28,5193,167,,,,,
PaísVasco,2020-04-15,11475,210.03,471,902,249,,5750,71,1,43,5428,235,,,,,
PaísVasco,2020-04-16,11790,202.6,478,956,315,,5863,113,7,54,5813,385,,,,,
PaísVasco,2020-04-17,12089,193.04,484,992,299,,5939,76,6,36,6144,331,,,,,
PaísVasco,2020-04-18,12355,193.04,490,1020,266,,6030,91,6,28,6556,412,,,12355,,
PaísVasco,2020-04-19,12569,178.51,499,1062,214,,6086,56,9,42,6972,416,,,12569,11570,999
PaísVasco,2020-04-20,12628,172.93,501,1081,59,,6109,23,2,19,7124,152,,,12628,11571,1057
PaísVasco,2020-04-21,12810,171.62,507,1103,182,,6141,32,6,22,7277,153,,,12810,11607,1203
PaísVasco,2020-04-22,13044,162.7,513,1124,234,,6201,60,6,21,7651,374,,,13044,11712,1332
PaísVasco,2020-04-23,13436,164.42,516,1167,392,,6260,59,3,43,8136,485,0,,13436,11789,1647
PaísVasco,2020-04-24,11881,80.53,518,1193,-1555,,6315,55,2,26,8459,323,1899,,13780,,
PaísVasco,2020-04-25,12366,83.84,525,1212,485,4.1,6375,60,7,19,8941,482,1766,-,,,
PaísVasco,2020-04-26,12455,76.23,533,1230,89,0.7,6426,51,8,18,9602,661,,,,,
PaísVasco,2020-04-27,12513,67.72,538,1241,58,0.5,6457,31,5,11,9840,238,,,,,
PaísVasco,2020-04-28,12564,60.6,539,1255,51,0.4,6482,25,1,14,9974,134,,,,,
PaísVasco,2020-04-29,12619,97.07,540,1274,55,0.4,6522,40,1,19,10474,500,,,,,
